"","total_incidence","prevalence","API","bh_max","eta","covEDAT0","covITN0","effITN","covIRS0","effIRS","muC","muA","muU","percfail2018","percfail2019","percfail2020","EDATscale","covEDATi","ITNscale","covITNi","IRSscale","covIRSi","lossd","dm","cmda_1","cmda_2","cmda_3","tm_1","tm_2","tm_3","effv_1","effv_2","effv_3","vh","MSATscale","covMSATi","MSATsensC","MSATsensA","MSATsensU"
"1",0.759424523060267,0.808906212458312,18.9690128248185,22.5122224818915,38.4186055348255,35.8873637684155,82.1319864410907,38.7990557216108,82.9643863392994,24.0334778092802,4.54458409408107,5.13701295736246,15.4947967492044,5.63095061457716,15.400904136477,33.1566155701876,1,70,1,90,1,90,30,6,50,50,50,9,10,11,75,80,92,90,1,90,99,87,4
"2",0.595718945743196,0.570456459606432,22.502954765223,25.7908700499684,55.4974977322854,40.5645096674562,79.067391990684,45.2754729567096,77.9638864472508,23.8056529965252,1.27908738516271,4.78178134211339,6.87724805506878,5.16844067489728,19.3869481701404,43.969982333947,1,70,1,90,1,90,30,6,50,50,50,9,10,11,75,80,92,90,1,90,99,87,4
"3",0.687041535354445,0.736913629789085,25.2782013919204,21.5870842663571,40.666138662491,43.3342104195617,89.632480237633,41.1926322570071,47.7484006946906,16.8236446543597,9.71905214875005,4.36359118809924,13.49691574811,5.79452535370365,18.6710278631654,32.9804649506696,1,70,1,90,1,90,30,6,50,50,50,9,10,11,75,80,92,90,1,90,99,87,4
"4",0.671207625227374,0.736686934329701,22.0367572689429,24.9843657994643,49.5982800680213,30.2477314893622,79.457018552348,48.0579394195229,83.2399059925228,24.9253535224125,3.90030035190284,3.22790846670978,14.864559110254,8.3569749200251,15.0884355383459,36.7566729022656,1,70,1,90,1,90,30,6,50,50,50,9,10,11,75,80,92,90,1,90,99,87,4
"5",0.531458546669921,0.580326206186293,22.1593548450619,21.1833199299872,51.3098746910691,45.3280198271386,84.5399624388665,46.6150634782389,28.1989610963501,15.084650949575,7.17259959131479,11.9636725042947,8.56371166394092,9.46790474117734,18.0857523682062,30.6257846450899,1,70,1,90,1,90,30,6,50,50,50,9,10,11,75,80,92,90,1,90,99,87,4
"6",1.10016019705554,1.12235222425329,25.5374291632324,20.5197746306658,50.9007068071514,49.6975130226929,77.7076407102868,32.5754203880206,82.1337609621696,17.9597353446297,3.56179114058614,3.31602574069984,19.3270253776573,7.729532540543,17.1800819982309,38.4974459919613,1,70,1,90,1,90,30,6,50,50,50,9,10,11,75,80,92,90,1,90,99,87,4
"7",0.530997057048583,0.648048788488598,25.5370126198977,20.8393693109974,46.0019035963342,45.5674908007495,71.8752784654498,49.1940353903919,87.4662304879166,18.3947446662933,2.62751151737757,13.0686656434555,11.4046093188226,9.70147414016537,17.0116698998027,41.1091739230324,1,70,1,90,1,90,30,6,50,50,50,9,10,11,75,80,92,90,1,90,99,87,4
"8",0.76332625999054,0.811348888282953,12.3811156349257,20.3018326964229,59.8310583410785,49.747136834776,77.1016720635816,36.7738161142915,80.6010474683717,22.2864409396425,3.48458968219347,6.59960494400002,14.2505324964877,6.86760949669406,17.9651416954584,37.4034122389276,1,70,1,90,1,90,30,6,50,50,50,9,10,11,75,80,92,90,1,90,99,87,4
"9",0.566240311519883,0.61405547129156,17.3158738436177,20.9884505113587,43.0381926312111,33.5132639796939,89.6730863722041,38.7620771303773,20.7103678048588,19.5868239970878,5.88277377164923,2.11894509359263,11.2164916070178,5.7922212977428,18.8298633077648,41.3308262208011,1,70,1,90,1,90,30,6,50,50,50,9,10,11,75,80,92,90,1,90,99,87,4
"10",0.384453026976286,0.384218119492292,17.4029012676328,23.6629984015599,30.3998358710669,34.0148850926198,89.9734034901485,43.7349009467289,58.5791643639095,19.6950017684139,9.66001991345547,3.24741286947392,4.23253414896317,6.11234668060206,17.7883902029134,39.6851434372365,1,70,1,90,1,90,30,6,50,50,50,9,10,11,75,80,92,90,1,90,99,87,4
"11",0.504261926378264,0.529477853203449,16.9996123947203,21.7913124104962,48.7866159388795,48.8168066658545,88.3237911900505,46.6752246627584,38.1922030309215,21.7101422115229,3.01543448283337,18.3039953811094,3.36331915785559,8.85435401578434,16.8439693551045,41.7109877604526,1,70,1,90,1,90,30,6,50,50,50,9,10,11,75,80,92,90,1,90,99,87,4
"12",0.306162846402393,0.306192995263167,20.4009837796912,25.5653858697042,33.0277506820858,27.1118857199326,83.6430312413722,47.6473369682208,23.1741486140527,17.3227140353993,2.56012017140165,2.67762917862274,4.29621144616976,8.38832676177844,19.5729058235884,40.1749168918468,1,70,1,90,1,90,30,6,50,50,50,9,10,11,75,80,92,90,1,90,99,87,4
"13",0.564525327401879,0.59882845710131,27.948651202023,21.171070379205,58.0630290624686,41.1130354565103,87.4535605683923,41.5378129249439,17.7694396139123,17.2382880630903,7.85556592978537,3.68989156093448,11.1599254601169,8.24029229348525,18.7233125569765,31.1507156258449,1,70,1,90,1,90,30,6,50,50,50,9,10,11,75,80,92,90,1,90,99,87,4
"14",0.421995403120379,0.40367357040861,25.4589646402746,24.8075060546398,49.2753664520569,44.82985806535,84.7271520504728,44.5567299425602,15.4623955325224,23.5291780391708,2.2126583205536,6.90526379272342,4.43200628529303,8.20891319192015,15.3248323185835,35.5864318145905,1,70,1,90,1,90,30,6,50,50,50,9,10,11,75,80,92,90,1,90,99,87,4
"15",0.533522142875788,0.56302259818765,26.2680755415931,24.0087172063068,30.2419543289579,40.2834779408295,85.2443377068266,46.205244041048,58.6161976656877,20.6628957623616,4.17861723271199,9.60011220164597,8.08389483927749,9.5292358356528,17.5733698077966,35.4320574004669,1,70,1,90,1,90,30,6,50,50,50,9,10,11,75,80,92,90,1,90,99,87,4
"16",0.353153299524254,0.387872965569892,29.4750119512901,21.3878186279908,59.7884595044889,32.0884946908336,78.1690091686323,48.8875213591382,51.2518525100313,20.6877253996208,7.26686667161994,9.06824462884106,4.75526788993739,9.12071767728776,15.2329312579241,33.8113438803703,1,70,1,90,1,90,30,6,50,50,50,9,10,11,75,80,92,90,1,90,99,87,4
"17",0.286950258129643,0.313372925458349,21.9358201138675,21.1540882848203,35.9978443128057,29.4797479582485,84.4061538763344,46.2575713265687,21.997071581427,24.7585630789399,5.11456350516528,11.4296974416357,1.62338361213915,5.3813236404676,16.7947896919213,43.3050892304163,1,70,1,90,1,90,30,6,50,50,50,9,10,11,75,80,92,90,1,90,99,87,4
"18",0.516719065598015,0.613345698788097,21.5218217950314,20.2531697554514,49.8732439172454,47.1263798594009,75.1921777613461,46.3835550425574,68.7411670549773,20.6878767209128,4.81397848087363,13.3070809098426,10.7989278163295,9.80147561640479,17.2909797145985,32.5723470398225,1,70,1,90,1,90,30,6,50,50,50,9,10,11,75,80,92,90,1,90,99,87,4
"19",0.660194403954016,0.660223976953006,23.8681501103565,24.0881354687735,47.9708964284509,32.7084849355742,88.7705112528056,43.9899639599025,74.2415097146295,16.0945327673107,6.95425099064596,1.42764321039431,11.035911206156,7.2756287723314,19.6894853143021,36.0252652480267,1,70,1,90,1,90,30,6,50,50,50,9,10,11,75,80,92,90,1,90,99,87,4
"20",0.47293683045014,0.502524810651944,24.2941528977826,22.8332820953801,33.8033619895577,34.226725960616,80.5350172473118,40.7440958777443,66.1200343910605,23.0399281973951,6.11616507847793,2.61086377617903,9.27773912693374,9.99214632902294,17.4320289783645,34.4117288093548,1,70,1,90,1,90,30,6,50,50,50,9,10,11,75,80,92,90,1,90,99,87,4
"21",0.579747548093162,0.686847293049594,17.2458487562835,20.9925638418645,30.0037670927122,44.8205937282182,73.3885723678395,42.2804257739335,3.1400147988461,18.7455982645042,2.31427231081761,5.56113055045716,15.8835277163889,5.70853996905498,17.5773730734363,32.5849448062945,1,70,1,90,1,90,30,6,50,50,50,9,10,11,75,80,92,90,1,90,99,87,4
"22",0.525579795833355,0.621309001419815,27.3960303608328,21.7673002975062,48.2288450421765,44.4158570782747,74.5913634262979,45.1229492248967,16.7624913272448,24.6269302186556,4.438381629996,4.60776568367146,14.2684127651155,5.57344961212948,19.3756936560385,31.6757220367435,1,70,1,90,1,90,30,6,50,50,50,9,10,11,75,80,92,90,1,90,99,87,4
"23",0.534844799143664,0.606953507808998,25.457338578999,23.5371690010652,33.1782004795969,39.4924896536395,79.3529998371378,44.9446570267901,55.1436469936743,24.3788984324783,6.55207221838646,2.51392905483954,12.7307767763268,7.48888630769216,17.8597709396854,35.844654320972,1,70,1,90,1,90,30,6,50,50,50,9,10,11,75,80,92,90,1,90,99,87,4
"24",0.432697007352429,0.500641134642676,28.114804001525,20.0340788625181,41.3764638290741,35.8819949266035,84.4741078093648,47.8147091995925,36.5505619486794,17.2424712800421,6.66129835136235,15.4088338483125,5.40378838824108,5.35923245595768,16.2240780051798,39.3754291045479,1,70,1,90,1,90,30,6,50,50,50,9,10,11,75,80,92,90,1,90,99,87,4
"25",0.698630854184732,0.703286036742375,20.1616700831801,22.4126986321062,48.3548255357891,40.8800180768594,76.7572429962456,39.820175236091,76.7264090850949,16.6916809533723,2.99048743071035,4.64857983030379,11.8714648950845,9.1492709191516,15.7882462802809,34.6192267548759,1,70,1,90,1,90,30,6,50,50,50,9,10,11,75,80,92,90,1,90,99,87,4
"26",0.407601071343137,0.419355104367852,27.7486360166222,23.9632098423317,33.2834673416801,25.045169814257,85.1984315412119,46.2187640136108,57.2429148852825,16.3423947780393,6.03546957974322,3.47525750380009,6.24670634744689,9.00955031975172,15.0744158052839,37.3041920678224,1,70,1,90,1,90,30,6,50,50,50,9,10,11,75,80,92,90,1,90,99,87,4
"27",0.593105934108083,0.677673526073276,10.512937833555,23.2175302971154,35.0502944597974,28.49839621922,83.9963488141075,47.5136086065322,70.5908739636652,20.6281914422289,5.31075031822547,7.98242320190184,13.7333478019573,9.38111979630776,17.964552702615,30.3644358145539,1,70,1,90,1,90,30,6,50,50,50,9,10,11,75,80,92,90,1,90,99,87,4
"28",0.361017743517978,0.407917226335884,15.2558684069663,20.4897292330861,31.7256876197644,45.9790426131804,76.1588561628014,47.1904367860407,54.4937792862765,16.0164654557593,8.20066465600394,10.3366103416774,4.35568416398019,7.98011410865001,18.9171207300387,39.862532109255,1,70,1,90,1,90,30,6,50,50,50,9,10,11,75,80,92,90,1,90,99,87,4
"29",0.439724819484874,0.391192792698466,28.9145855884999,22.2843294823542,54.6522001479752,43.2794265507255,77.7275263192132,34.8109245346859,86.019969494082,17.3531042342074,4.88646467030048,2.38898415211588,3.53435788070783,6.21392123750411,19.5429681497626,40.2844677760731,1,70,1,90,1,90,30,6,50,50,50,9,10,11,75,80,92,90,1,90,99,87,4
"30",0.648958312353826,0.82585451343876,25.0212074676529,21.0702622076496,40.7451383722946,48.8365416123997,74.6829920401797,49.7293966496363,59.3760131439194,16.6979304887354,6.74664064310491,7.9937333886046,17.6038791073952,5.71307492209598,15.6773590983357,42.8811989491805,1,70,1,90,1,90,30,6,50,50,50,9,10,11,75,80,92,90,1,90,99,87,4
"31",0.61358818352736,0.647699486624892,22.8114046948031,22.8227943461388,44.070596457459,47.9893635900225,86.834088745527,44.4026689743623,1.76419402007014,19.5322854048572,1.92754395515658,10.1463846268598,10.3620447537396,6.94048885605298,19.0708347060718,33.973421176197,1,70,1,90,1,90,30,6,50,50,50,9,10,11,75,80,92,90,1,90,99,87,4
"32",0.544955554265594,0.494615482275332,16.1421191971749,22.0090606948361,47.392194669228,44.3145635013934,79.0651573752984,32.819968550466,64.7309964825399,20.0035432516597,2.03828146052547,5.16965174651705,4.90238662506454,7.47043967829086,16.9856975739822,39.898046515882,1,70,1,90,1,90,30,6,50,50,50,9,10,11,75,80,92,90,1,90,99,87,4
"33",0.338082840954825,0.362705225729073,16.1209209822118,21.3962565036491,35.0391113734804,34.0947778255213,87.0472660753876,47.3019749671221,10.1226043514907,20.5735263414681,5.93929664953612,13.3021903345361,2.07698273216374,9.97478652978316,19.4037038472015,38.2493346906267,1,70,1,90,1,90,30,6,50,50,50,9,10,11,75,80,92,90,1,90,99,87,4
"34",0.365138609005255,0.379280790022334,25.4047157010064,21.6220662510023,43.9621091634035,27.3535724554677,80.892272349447,44.8677904019132,77.0349319791421,20.4296948295087,4.42001794255339,10.8988555802498,3.55454719113186,9.07599102589302,15.9185727860313,34.3498300469946,1,70,1,90,1,90,30,6,50,50,50,9,10,11,75,80,92,90,1,90,99,87,4
"35",0.622161040725303,0.558843378519805,24.1952085215598,30.0397924380377,43.4391546668485,43.9987616089638,83.620746601373,47.737299236469,75.86327747209,24.050941276364,1.6097758281976,2.54801670345478,6.20942463516258,7.07750725676306,19.823158584768,42.5311940023676,1,70,1,90,1,90,30,6,50,50,50,9,10,11,75,80,92,90,1,90,99,87,4
"36",0.48221400189871,0.461258064457612,22.6066200295463,24.879131061025,44.8255169671029,30.4656345862895,87.3188616661355,49.6320560202003,83.4336122777313,17.4178111855872,1.46420174185187,15.4222778552212,1.64080271031708,5.9222951636184,15.0419494428206,40.8293972513638,1,70,1,90,1,90,30,6,50,50,50,9,10,11,75,80,92,90,1,90,99,87,4
"37",0.673706865777389,0.842723967537593,19.2251602001488,21.0156880039722,55.6713406322524,48.6617808579467,83.0663925595582,49.3146963045001,47.4833487393335,22.983215698041,6.65798675781116,11.361272590002,16.5009689547587,6.27147287945263,16.3338010373991,42.0381506241392,1,70,1,90,1,90,30,6,50,50,50,9,10,11,75,80,92,90,1,90,99,87,4
"38",0.919731002620214,0.989022182783399,18.4329256461933,20.9515987802297,38.3323899842799,33.4737482306082,88.4114938927814,36.2659438094124,42.4978858139366,17.4449426075444,2.5634097813163,2.26864159316756,17.9425128465518,6.88111314899288,19.3301701045129,44.8905864357948,1,70,1,90,1,90,30,6,50,50,50,9,10,11,75,80,92,90,1,90,99,87,4
"39",0.562322037784344,0.721764980667008,27.7135332301259,20.7910707360134,48.914033761248,26.7070979811251,75.2106571057811,47.9993959004059,17.4543559318408,16.9156732270494,5.67234685318545,1.15126674761996,19.3163488579448,8.63481447217055,17.5266597117297,34.1778949450236,1,70,1,90,1,90,30,6,50,50,50,9,10,11,75,80,92,90,1,90,99,87,4
"40",0.708528724213663,0.817587198076174,23.1913255201653,21.5333966119215,51.3014483498409,46.1373906815425,84.7071492532268,48.2659935113043,79.2924981471151,19.7506664157845,2.15427135350183,18.5431697375607,11.9245092335623,6.0418727947399,18.8604106206913,41.2118031573482,1,70,1,90,1,90,30,6,50,50,50,9,10,11,75,80,92,90,1,90,99,87,4
"41",0.512727163015688,0.550051219327377,25.3954770276323,23.6813928280026,31.4292274508625,35.7530473091174,86.9750247290358,46.9992095604539,58.9218201488256,20.0894265901297,4.65419306210242,9.43438488407992,7.91352911526337,7.68776362412609,18.6630701716058,36.882593545597,1,70,1,90,1,90,30,6,50,50,50,9,10,11,75,80,92,90,1,90,99,87,4
"42",0.54695892500071,0.583879183171732,20.8764779288322,22.7812846051529,55.3966561099514,42.6778458466288,80.166128561832,45.6314513180405,77.7214352041483,19.1934766294435,7.93365798634477,2.53524948214181,9.55050911009312,8.00557708484121,17.4152079084888,42.2396448114887,1,70,1,90,1,90,30,6,50,50,50,9,10,11,75,80,92,90,1,90,99,87,4
"43",0.397052420366967,0.40668619449423,20.0114921340719,20.2664775028825,56.2905265088193,49.8865230882075,85.1808142056689,41.4923744136468,14.5586700481363,20.6345733627677,7.59106421493925,9.68359174602665,3.68401120859198,9.14175309357233,19.7321339277551,35.0841261923779,1,70,1,90,1,90,30,6,50,50,50,9,10,11,75,80,92,90,1,90,99,87,4
"44",0.794953035985317,0.773268369960237,16.9839078793302,23.9454079186544,53.3927339245565,45.1491889660247,86.7757812980562,39.9122086400166,43.7820901488885,22.5167786073871,4.13963047601283,1.0419309658464,11.259769331431,5.39515918935649,18.803327169735,43.8077780348249,1,70,1,90,1,90,30,6,50,50,50,9,10,11,75,80,92,90,1,90,99,87,4
"45",0.703901915629363,0.661109093995543,21.2751953117549,27.1902299532667,40.1372696994804,35.2544376219157,84.9481401313096,45.9308288665488,66.3199486490339,16.516694102902,1.46870097983629,1.94481585454196,9.71299731219187,7.74443353409879,15.2593141130637,38.7969320663251,1,70,1,90,1,90,30,6,50,50,50,9,10,11,75,80,92,90,1,90,99,87,4
"46",0.388787716545937,0.421430487392813,20.9274324495345,24.0037055406719,34.9337903014384,28.8505926029757,73.5185748897493,44.3248707149178,51.5105226729065,23.1152296578512,1.01156481984071,2.5222546660807,8.24211738281883,6.89509470714256,18.6617945623584,39.3446566339117,1,70,1,90,1,90,30,6,50,50,50,9,10,11,75,80,92,90,1,90,99,87,4
"47",0.654149361375217,0.750666535103892,23.2309822877869,22.2989051556215,46.3295073690824,33.5551059746649,88.4218516619876,48.8095360994339,59.4951894111,19.5683378865942,2.69196868594736,14.2927233551163,11.718439782504,5.07508836453781,18.2742772996426,41.2835652683862,1,70,1,90,1,90,30,6,50,50,50,9,10,11,75,80,92,90,1,90,99,87,4
"48",0.48466497889403,0.451709874089068,21.9923529587686,23.2385979453102,52.6131030474789,47.509280918166,88.55389717035,38.337139133364,37.4351864797063,22.8120346344076,6.23358118790202,3.16192360967398,5.39674395741895,5.94079625094309,19.0010880155023,35.6283331650775,1,70,1,90,1,90,30,6,50,50,50,9,10,11,75,80,92,90,1,90,99,87,4
"49",0.487083834653341,0.4760070667447,13.0073629040271,23.1266121100634,36.637666253373,47.8067153308075,74.4975171331316,43.8263964373618,82.2158201504499,18.900450700894,1.63384050060995,14.0869201980531,4.30598781909794,9.16909241233952,16.5702964970842,30.7321070891339,1,70,1,90,1,90,30,6,50,50,50,9,10,11,75,80,92,90,1,90,99,87,4
"50",0.580785347887785,0.624617982141896,19.2494035931304,24.6027169609442,31.9603262725286,44.5267603790853,87.3859352711588,49.3249755818397,29.5441544009373,17.9803747939877,2.75509280292317,10.6635552803054,10.4657335774973,8.06493441923521,17.2630636149552,31.2444213184062,1,70,1,90,1,90,30,6,50,50,50,9,10,11,75,80,92,90,1,90,99,87,4
"51",0.681482742550809,0.697026956205505,13.4692565491423,25.8421714836732,45.4451734945178,44.6983106376138,79.8679113667458,49.2435745615512,79.7260306519456,16.9126463891007,4.23292660713196,4.70437080669217,11.0553469827864,8.99240495171398,19.8429518542252,39.0116299968213,1,70,1,90,1,90,30,6,50,50,50,9,10,11,75,80,92,90,1,90,99,87,4
"52",1.10311903523491,1.06726781177585,21.8453384423628,25.7493502786383,49.3785705137998,43.9347725710832,82.5980510003865,43.5269509116188,75.3977961279452,18.2584339752793,1.51276240474544,1.86493610986508,16.7748663299717,8.72630936093628,15.3629421396181,39.4345422741026,1,70,1,90,1,90,30,6,50,50,50,9,10,11,75,80,92,90,1,90,99,87,4
"53",0.455786164033047,0.471230179550097,24.4632009696215,20.7837521610782,54.6769893961027,41.5985749161337,80.5514321057126,40.7410746160895,48.3632458141074,18.8405596558005,4.56837116205133,7.56805178499781,6.17684846022166,5.88041362352669,15.7200705388095,37.5390674115624,1,70,1,90,1,90,30,6,50,50,50,9,10,11,75,80,92,90,1,90,99,87,4
"54",0.297876757491171,0.281370533105598,27.7823431743309,24.829190634191,57.379105493892,29.5110492792446,76.5029392577708,45.6663150666282,76.6396421170793,20.3922766726464,2.92107690311968,3.40244471584447,3.35528125613928,6.00672636413947,16.50627898518,34.2417124228086,1,70,1,90,1,90,30,6,50,50,50,9,10,11,75,80,92,90,1,90,99,87,4
"55",0.36881679253916,0.335468693497105,19.928477043286,22.8404108341783,39.6794025739655,42.9008199949749,86.7896148608997,41.6470343619585,37.4189577950165,19.2926947958767,3.91608185786754,11.3575937992427,1.08331911149435,6.17966211866587,16.137296006782,30.7540288951714,1,70,1,90,1,90,30,6,50,50,50,9,10,11,75,80,92,90,1,90,99,87,4
"56",0.285324955196019,0.295185801315939,25.4025053558871,23.8602841598913,55.2018928457983,35.2815992024262,70.4067369922996,49.154462730512,46.1664654593915,15.1647108537145,3.8403014652431,2.87318549794145,4.80439732712694,7.42172856698744,15.4064104985446,33.5112229851075,1,70,1,90,1,90,30,6,50,50,50,9,10,11,75,80,92,90,1,90,99,87,4
"57",0.774104723338325,0.758267040531153,14.0474231215194,22.0986064756289,45.1110206614248,48.3748440805357,89.6071122260764,38.4145343862474,61.262795033399,18.129042359069,2.31540144747123,10.8518467715476,8.80628876271658,9.39642639248632,17.5419076345861,39.538611760363,1,70,1,90,1,90,30,6,50,50,50,9,10,11,75,80,92,90,1,90,99,87,4
"58",0.532154655338483,0.588225537517988,24.3797646043822,20.1761658955365,43.4707851614803,29.9586868961342,83.0962554737926,39.5996705722064,16.2745812465437,19.0988551522605,1.70715723186731,9.28903078241274,10.4290183880366,6.83508373098448,17.4881045240909,34.022388960002,1,70,1,90,1,90,30,6,50,50,50,9,10,11,75,80,92,90,1,90,99,87,4
"59",0.726085063658302,0.67706712334531,12.7255512727425,26.1958694830537,30.1272202748805,46.4362441387493,87.8351419279352,40.5895614949986,82.1397038991563,20.8686306560412,6.69016389502212,1.02563361939974,9.82628197874874,8.17529957159422,19.0673058212269,35.0817927613389,1,70,1,90,1,90,30,6,50,50,50,9,10,11,75,80,92,90,1,90,99,87,4
"60",0.403146620759118,0.471130061870026,13.9533978607506,20.3896847832948,49.9880077689886,49.8455473396461,77.0226150704548,49.3973414646462,50.2685569482855,22.4069765210152,3.9297218315769,17.0097947800532,4.70943768741563,5.34823591820896,19.6191914996598,40.4147383826785,1,70,1,90,1,90,30,6,50,50,50,9,10,11,75,80,92,90,1,90,99,87,4
"61",0.392988516376632,0.407238320144976,15.1840502908453,22.4206435494125,55.8402928803116,25.5526375432964,86.0170540958643,42.9423837224022,37.5494335172698,23.9034366724081,4.6055651511997,4.35590082313865,6.70250269817188,5.32713151536882,16.7026503081433,32.3245967121329,1,70,1,90,1,90,30,6,50,50,50,9,10,11,75,80,92,90,1,90,99,87,4
"62",0.462045947222894,0.431309342717743,12.47077583801,26.338473316282,45.53906154586,39.4751998712309,87.0182263897732,46.1455489834771,59.1768377716653,23.6799686402082,2.17002483247779,7.67247786745429,4.05451342812739,9.91486504441127,16.1702101468109,36.5095323964488,1,70,1,90,1,90,30,6,50,50,50,9,10,11,75,80,92,90,1,90,99,87,4
"63",0.569602700999449,0.677061755150372,22.9458046657965,24.0133597841486,38.1361257797107,26.4581130410079,83.4299648273736,49.5090793911368,66.057155218441,24.4937388715334,9.4888094807975,1.92078961641528,13.8340245741419,9.35480581130832,17.3608825867996,43.0889280990232,1,70,1,90,1,90,30,6,50,50,50,9,10,11,75,80,92,90,1,90,99,87,4
"64",0.345967683215971,0.327265493113117,25.0387494498864,21.9123761868104,49.2821423476562,43.9063292578794,83.2396742142737,38.6861116578802,54.0937452879734,17.6509739854373,9.37212144653313,1.24228753126226,2.96639566449448,6.05024357908405,17.2669537866022,42.1267471939791,1,70,1,90,1,90,30,6,50,50,50,9,10,11,75,80,92,90,1,90,99,87,4
"65",0.416076411392326,0.434582522280168,29.1125395707786,20.1411871891469,37.021428658627,26.7839839332737,84.4790396234021,35.2051694737747,43.8570908736438,18.6341675347649,5.24337471136823,3.63793106237426,7.03709070268087,7.49511245288886,17.280944744125,36.3911668548826,1,70,1,90,1,90,30,6,50,50,50,9,10,11,75,80,92,90,1,90,99,87,4
"66",0.798168925483742,0.848549291441301,12.243126668036,22.9825034877285,55.3429155377671,48.9197914022952,81.997715132311,43.0399924749509,29.1791519173421,21.7296591633931,5.42981223738752,2.41690970654599,15.5944797894917,7.05042136483826,16.3749918097164,39.666190193966,1,70,1,90,1,90,30,6,50,50,50,9,10,11,75,80,92,90,1,90,99,87,4
"67",0.683033179839376,0.760242187751492,17.0883302809671,23.5875806678087,56.9165801536292,49.499096366344,78.6327856360003,49.5091058546677,64.57476797048,22.132260161452,2.16972155217081,10.1039294383954,12.7143817660399,5.86097091669217,18.1731590896379,41.2538824870717,1,70,1,90,1,90,30,6,50,50,50,9,10,11,75,80,92,90,1,90,99,87,4
"68",0.859249406566491,0.924382985185081,29.9316793354228,25.9793609939516,50.6166550610214,34.9602036876604,82.9925043880939,49.2599367070943,72.4499258771539,22.1582645038143,2.2884432959836,4.13565905578434,19.148843476316,6.25008037313819,15.8128059480805,32.7023374987766,1,70,1,90,1,90,30,6,50,50,50,9,10,11,75,80,92,90,1,90,99,87,4
"69",0.981525444735603,1.0115128577684,27.5507454574108,24.4926866330206,45.1527689932846,29.6112632961012,88.071535397321,44.4257384166121,60.9658354986459,15.2179107093252,1.65131504624151,1.58226719731465,19.5965040093288,9.22032327041961,15.6783317914233,35.6601015175693,1,70,1,90,1,90,30,6,50,50,50,9,10,11,75,80,92,90,1,90,99,87,4
"70",0.300205754034655,0.281229125014979,10.7897400530055,26.7347410228103,44.603255786933,31.1805078235921,89.3129065446556,49.7273841174319,48.9501429442316,18.9089605514891,9.1649782077875,1.24673087103292,1.99284346471541,5.39561381097883,18.389687120216,43.6958059470635,1,70,1,90,1,90,30,6,50,50,50,9,10,11,75,80,92,90,1,90,99,87,4
"71",0.256738049993537,0.242664901431766,23.3029376296327,21.5585608361289,57.1267662174068,38.4387476486154,82.5931265158579,38.6204060027376,19.2045908141881,22.8547210269608,7.47504801745526,2.14977165823802,1.92647685296834,8.20670778746717,15.9790312265977,38.7411367648747,1,70,1,90,1,90,30,6,50,50,50,9,10,11,75,80,92,90,1,90,99,87,4
"72",0.681253031635416,0.749344192190795,28.1404347950593,21.069831722416,37.9544283798896,34.909473330481,82.3522912198678,41.5759012103081,76.8148547178134,18.6669591558166,2.37430785153992,12.0527399447747,11.3014378077351,9.73978030029684,19.6710159501527,41.3493194861803,1,70,1,90,1,90,30,6,50,50,50,9,10,11,75,80,92,90,1,90,99,87,4
"73",0.400294032212577,0.532480984103919,13.2553377887234,20.0024231337011,34.0798448072746,42.7602718002163,72.1650683507323,45.4872859781608,16.5298774419352,24.8604913637973,9.73952758125961,1.83460184582509,12.4729978232644,7.93224325869232,15.1938161836006,43.8355512858834,1,70,1,90,1,90,30,6,50,50,50,9,10,11,75,80,92,90,1,90,99,87,4
"74",0.173428518682622,0.18111941363647,18.2837628107518,22.8905952395871,38.1868848949671,25.3460355568677,73.2516653509811,46.7289127549157,41.4653015183285,18.2015410321765,5.38341676257551,1.37511645886116,2.28704747790471,8.94915094715543,17.2557825851254,39.6873979002703,1,70,1,90,1,90,30,6,50,50,50,9,10,11,75,80,92,90,1,90,99,87,4
"75",0.459978877401334,0.439672362562189,26.044796295464,20.9036170179024,34.1171210026368,32.8544597374275,87.7413946250454,31.9077593553811,85.5156170530245,18.1051676324569,9.56891355034895,1.57319147628732,5.89961484097876,8.5084734542761,17.6792535372078,33.2165071985219,1,70,1,90,1,90,30,6,50,50,50,9,10,11,75,80,92,90,1,90,99,87,4
"76",0.404776066244132,0.489300671902029,21.0629023890942,20.0012944173068,54.8942402726971,43.8488128886092,78.751695882529,48.090958292596,1.38379215728492,19.9664504849352,9.75045932433568,7.51061690459028,8.31771906022914,7.85552851390094,19.989154265495,38.3534324273933,1,70,1,90,1,90,30,6,50,50,50,9,10,11,75,80,92,90,1,90,99,87,4
"77",0.413574555626971,0.397955507993624,28.7625989457592,22.7332984935492,33.8957577408291,27.239496394759,77.3567145038396,37.5498746335506,72.9348753439263,19.9262552708387,1.08105184067972,5.81332300091162,4.79992431704886,6.42749512568116,17.8306054288987,37.1688226726837,1,70,1,90,1,90,30,6,50,50,50,9,10,11,75,80,92,90,1,90,99,87,4
"78",0.572112675578778,0.546155899887176,19.0833863290027,22.7068905625492,33.5542264021933,30.1365427090786,89.0509293694049,36.747796270065,55.6630362547003,16.0761386831291,2.54307130700909,3.49475607159548,7.3355748844333,5.29366052127443,17.6746477128472,39.8528061923571,1,70,1,90,1,90,30,6,50,50,50,9,10,11,75,80,92,90,1,90,99,87,4
"79",0.428605485795255,0.512150436725979,25.0541911460459,22.1144651994109,42.2597288014367,28.6435755086131,76.0055405693129,49.8979465849698,36.9161368114874,15.0675402395427,6.04173208936118,3.29757844493724,11.4386929993052,8.06643923278898,19.3264508666471,34.2252543114591,1,70,1,90,1,90,30,6,50,50,50,9,10,11,75,80,92,90,1,90,99,87,4
"80",0.523270726256029,0.645375945668864,19.6982970135286,21.1866078944877,58.3897714409977,49.6266639500391,75.5436611035839,48.5712898336351,16.8392573017627,21.2823969940655,9.47302592126653,1.76487741526216,14.4374069706537,6.73211145331152,16.4781558967661,40.8429631730542,1,70,1,90,1,90,30,6,50,50,50,9,10,11,75,80,92,90,1,90,99,87,4
"81",0.926138071108744,0.993299236545645,29.4467013096437,24.2923136521131,56.4520569867454,33.4023404400796,88.7365430453792,46.876802816987,79.9373078998178,21.1163998907432,3.1942572593689,5.23950838623568,18.5503474392463,6.2321385811083,16.2931889866013,37.8835970268119,1,70,1,90,1,90,30,6,50,50,50,9,10,11,75,80,92,90,1,90,99,87,4
"82",0.636719753064829,0.694428417630406,27.0093225734308,20.6180415861309,56.765356042888,33.4132596617565,87.6497232355177,40.4441130161285,64.1539936652407,22.3295788816176,4.80449915188365,9.03385666734539,12.7166958111338,8.75575723825023,16.9588978914544,30.4870491300244,1,70,1,90,1,90,30,6,50,50,50,9,10,11,75,80,92,90,1,90,99,87,4
"83",0.9734308380614,1.04422740760701,26.3475334644318,21.1918516270816,33.138258587569,45.5992975796107,79.6491270326078,36.3408598955721,83.9453989430331,18.7624534149654,1.6203109479975,7.28017967287451,18.3601088512223,7.96238964423537,18.6473824852146,40.5409007670823,1,70,1,90,1,90,30,6,50,50,50,9,10,11,75,80,92,90,1,90,99,87,4
"84",0.676823664208968,0.768358082182928,24.7221190389246,21.7764777038246,39.4294398953207,46.7388533172198,80.5445368867368,42.877718443051,41.4047879073769,22.5833380175754,2.22926441091113,9.14172017900273,13.8058830108494,5.02225029980764,16.4050160220359,41.2049821182154,1,70,1,90,1,90,30,6,50,50,50,9,10,11,75,80,92,90,1,90,99,87,4
"85",0.756207794949876,0.741558083509781,28.4251955570653,24.2773259663954,49.6916674054228,44.5425761747174,82.1265621110797,42.9104968672618,86.403859150596,17.4629031051882,3.96778246131726,3.77738769166172,11.9838667605072,7.53980318200774,19.206646354869,34.6286109415814,1,70,1,90,1,90,30,6,50,50,50,9,10,11,75,80,92,90,1,90,99,87,4
"86",0.50320446553574,0.613125182342635,17.0933402748778,20.3818795457482,32.3266435484402,32.0495012856554,75.4565230105072,45.9749337146059,60.4815603559837,17.4571510474198,2.51936866156757,11.3112197236624,12.3962836707942,8.69795464444906,15.6315473024733,33.0364579707384,1,70,1,90,1,90,30,6,50,50,50,9,10,11,75,80,92,90,1,90,99,87,4
"87",0.659320851244404,0.671431654950473,15.4075242299587,24.0802999678999,50.6734138238244,49.5686088863295,83.0918178102002,47.6820256747305,72.3715858650394,16.0491982963867,6.15831631375477,8.72727406653576,9.16191398398951,8.51492130197585,18.2313135731965,36.2061438686214,1,70,1,90,1,90,30,6,50,50,50,9,10,11,75,80,92,90,1,90,99,87,4
"88",0.386882952536024,0.380418160103602,28.978136931546,23.4290779568255,31.0160666448064,35.0650554872118,88.8159862440079,41.126560177654,69.3119543977082,24.1081926133484,8.80918426951393,5.7930300545413,4.13938541105017,8.45884483074769,16.0306346940342,31.2398108630441,1,70,1,90,1,90,30,6,50,50,50,9,10,11,75,80,92,90,1,90,99,87,4
"89",0.396339063658021,0.381489511599459,11.3315128488466,21.6427020682022,33.4340843302198,49.1395850200206,87.1753818076104,40.2026259340346,50.8651534700766,17.3632620926946,9.97994092176668,7.30632431432605,2.35515219368972,8.6086539120879,17.9811490245629,36.9604198797606,1,70,1,90,1,90,30,6,50,50,50,9,10,11,75,80,92,90,1,90,99,87,4
"90",0.635717228720397,0.657835290242623,28.7579662771896,23.7578792311251,38.0346226575784,46.7579763615504,83.3072487823665,45.9033253137022,73.9926627650857,16.0069448361173,7.01141987857409,5.71098601422273,9.54872508277185,8.07877258164808,17.9103292885702,40.1107501471415,1,70,1,90,1,90,30,6,50,50,50,9,10,11,75,80,92,90,1,90,99,87,4
"91",0.513158762658441,0.590816271187744,16.1832287628204,20.7285038894042,38.6649038549513,29.4448332337197,88.7606534222141,46.697361683473,4.37663607532158,15.0435514259152,4.72435525571927,12.7883649363648,10.1670298036188,5.76711169793271,15.2606139658019,30.0712671142537,1,70,1,90,1,90,30,6,50,50,50,9,10,11,75,80,92,90,1,90,99,87,4
"92",0.564885987829582,0.615539774115868,10.3826893214136,21.0544669767842,50.2898039412685,28.2695536094252,87.8970235865563,42.8761644521728,37.4595580995083,16.2527384306304,8.07804600405507,5.14258176926523,10.5787955154665,7.69908453687094,16.1159142327961,36.6206104983576,1,70,1,90,1,90,30,6,50,50,50,9,10,11,75,80,92,90,1,90,99,87,4
"93",0.644268674888088,0.737630823412694,29.1563260834664,23.6280158348382,43.1614261795767,37.9967807093635,80.9980448195711,49.2351556150243,19.7598007251509,18.8836707407609,1.9937914039474,7.09213611250743,15.0297399933916,5.17889936338179,16.8678525753785,36.5475029696245,1,70,1,90,1,90,30,6,50,50,50,9,10,11,75,80,92,90,1,90,99,87,4
"94",0.543329309244419,0.640788411517556,24.0767437359318,21.0079385433346,52.4358460167423,38.6000200698618,73.3538794983178,46.2497748574242,52.1726423338987,22.1805103449151,2.25520337116905,10.0009570505936,11.5043217153288,9.51048189890571,16.6687109915074,41.6429923684336,1,70,1,90,1,90,30,6,50,50,50,9,10,11,75,80,92,90,1,90,99,87,4
"95",0.398638984993435,0.405393781289179,10.6076509645209,23.1110291462392,31.3528186432086,46.3370125391521,87.9103811830282,45.000074589625,42.7784955035895,22.3125144373626,5.5800386487972,10.4618983264081,2.49173654522747,6.88379980972968,18.7527890177444,44.3243866728153,1,70,1,90,1,90,30,6,50,50,50,9,10,11,75,80,92,90,1,90,99,87,4
"96",0.473779366210024,0.484903766949859,22.3142042290419,20.900187981315,47.6534953457303,44.9831149133388,81.7214868962765,42.1484281076118,43.3106443681754,19.7038754937239,1.98387471563183,15.0319598340429,4.06602660892531,5.57927076355554,15.8089813764673,37.0612638734747,1,70,1,90,1,90,30,6,50,50,50,9,10,11,75,80,92,90,1,90,99,87,4
"97",0.668993062437446,0.711621033709052,20.3591295098886,23.7910296581686,36.9775124732405,40.8424732100684,87.3765550926328,42.9182732105255,57.003713012673,23.3311722031794,5.16463878005743,5.12687482964247,13.5994791174307,8.20064554689452,15.7694539579097,31.6491928137839,1,70,1,90,1,90,30,6,50,50,50,9,10,11,75,80,92,90,1,90,99,87,4
"98",0.602037668203723,0.66986022872896,17.0880907448009,21.8382237665355,32.0568019500934,47.8709935036022,75.7213900145143,44.0193369425833,39.4438832974993,15.3932646056637,2.22453756234609,6.43627842189744,11.5037185591646,6.35874024825171,18.2120255555492,44.8825813620351,1,70,1,90,1,90,30,6,50,50,50,9,10,11,75,80,92,90,1,90,99,87,4
"99",0.32708432425624,0.37777312502319,20.4718491062522,23.1590174604207,41.951253216248,40.4357111547142,77.0615387987345,49.0455206483603,11.3733273628168,23.1783986650407,8.63006560131907,1.22780090523884,7.00861994363368,5.0843900127802,18.8355624570977,41.572366822511,1,70,1,90,1,90,30,6,50,50,50,9,10,11,75,80,92,90,1,90,99,87,4
"100",0.621935162625266,0.565441950489377,12.4097795598209,22.0770499343053,46.5319937537424,49.2413434374612,88.1928019458428,35.7489778380841,74.5627102162689,16.4486576523632,4.12477152212523,8.95768778142519,5.68064126139507,7.64853394823149,15.2761701704003,31.1844601866324,1,70,1,90,1,90,30,6,50,50,50,9,10,11,75,80,92,90,1,90,99,87,4
"101",1.08546919204062,1.13299837903622,14.9462548131123,27.8234575781971,32.1989309764467,44.1075492068194,88.8870638376102,47.4311699764803,71.7001418187283,24.8427798086777,4.60075569688343,2.33743393723853,19.258214635076,6.05278120259754,18.5260545043275,43.2060475798789,1,70,1,90,1,90,30,6,50,50,50,9,10,11,75,80,92,90,1,90,99,87,4
"102",0.585569381723506,0.665127951846909,12.3370989318937,20.062038237229,52.6335135893896,27.3903198423795,86.3489238359034,40.6150724180043,59.8318432923406,20.9194037830457,8.82875489653088,5.42939534108154,13.4782282763626,7.96939958701842,16.9252415420488,30.7625684514642,1,70,1,90,1,90,30,6,50,50,50,9,10,11,75,80,92,90,1,90,99,87,4
"103",0.544116470640912,0.537775623841669,21.2534521706402,20.6811532797292,42.4596307240427,31.6491369623691,83.9687762921676,36.164840538986,79.7154380427673,20.4199175094254,1.68227737955749,12.4177303130273,4.54784326627851,8.09328000992537,18.6504101927858,41.4265710103791,1,70,1,90,1,90,30,6,50,50,50,9,10,11,75,80,92,90,1,90,99,87,4
"104",0.571260473018451,0.60144654742203,22.6410033553839,20.4666954046115,39.5555495540611,46.4765888405964,84.4805756956339,37.7441588370129,14.585220690351,16.629588578362,3.07364939455874,6.82783910119906,8.96154306340031,5.19883670611307,19.3519206740893,42.0685303676873,1,70,1,90,1,90,30,6,50,50,50,9,10,11,75,80,92,90,1,90,99,87,4
"105",0.595921165962644,0.678244574128249,15.0596615858376,21.808405239135,49.1870911675505,44.9008098803461,73.5152670415118,46.9805188151076,82.667335588485,16.9745016377419,3.47808580310084,9.08430401119404,13.2198144043796,5.12435554643162,18.2490012724884,32.7864906331524,1,70,1,90,1,90,30,6,50,50,50,9,10,11,75,80,92,90,1,90,99,87,4
"106",0.48502850599398,0.522024728440561,13.193158027716,20.5024554533884,33.5427867458202,40.3675508918241,83.5487170610577,36.5480805700645,14.4349745940417,18.5273123322986,7.9200659529306,1.90014746994711,10.2118868094403,5.76816322398372,19.4216431316454,32.0925972308032,1,70,1,90,1,90,30,6,50,50,50,9,10,11,75,80,92,90,1,90,99,87,4
"107",0.52486320860676,0.557808121104417,15.4634513659403,20.6899159774184,55.2081039617769,36.8756194948219,75.6806712644175,38.44619395677,32.2485076915473,20.087208955083,3.19672576338053,4.56026698090136,10.931973562343,6.94089697673917,16.7402786121238,30.5488348274957,1,70,1,90,1,90,30,6,50,50,50,9,10,11,75,80,92,90,1,90,99,87,4
"108",0.569536703000832,0.723129279039205,18.4300431236625,20.2757122041658,33.6388474493288,46.7788811947685,81.1178820580244,46.7822929518297,10.6557309231721,16.3057543919422,9.95495129795745,4.28349743410945,16.3582931126002,5.13319092337042,16.1893394612707,39.1508302674629,1,70,1,90,1,90,30,6,50,50,50,9,10,11,75,80,92,90,1,90,99,87,4
"109",0.310079119283129,0.350633774040842,22.369786943309,22.0681922044605,41.5653708740138,45.5519587441813,71.3767458824441,49.090702617541,14.9682837445289,17.7708247303963,4.52088518068194,5.84094507060945,5.28495422843844,9.62137702153996,18.0895777023397,40.7547569449525,1,70,1,90,1,90,30,6,50,50,50,9,10,11,75,80,92,90,1,90,99,87,4
"110",0.379546323139335,0.409710338505838,27.8717631381005,20.7695228094235,36.2191982986405,49.5758696750272,76.6083203302696,38.3304717391729,34.6366930590011,24.5909327478148,9.45532932016067,3.82178756594658,6.25680125923827,8.93340294947848,15.6856986088678,35.9227894863579,1,70,1,90,1,90,30,6,50,50,50,9,10,11,75,80,92,90,1,90,99,87,4
"111",0.541281506283769,0.527525642588437,12.2888565110043,20.6128623336554,50.0213490799069,49.4489099946804,75.2821098640561,33.42788615264,79.713848226238,24.8337853746489,3.28129836800508,8.87579683051445,5.13857011101209,8.33117908798158,18.31334845745,41.3506747141946,1,70,1,90,1,90,30,6,50,50,50,9,10,11,75,80,92,90,1,90,99,87,4
"112",0.40048002344391,0.394466807548705,22.9157185740769,21.437430428341,38.2359444745816,33.5251146869268,84.1203444683924,36.3375611323863,62.2855376964435,24.2203002423048,6.00856651621871,6.69931347854435,3.67007709527388,8.53225016733631,16.1216891615186,38.9244413701817,1,70,1,90,1,90,30,6,50,50,50,9,10,11,75,80,92,90,1,90,99,87,4
"113",0.440254070884638,0.427844691893593,16.2593192979693,21.0881778504699,43.9643689524382,35.5669722601306,84.3055357318372,41.6462948033586,88.1433458346874,16.81799874641,1.29371516196989,15.8563680558,2.17239958746359,7.65037054894492,19.1883207682986,34.6567178203259,1,70,1,90,1,90,30,6,50,50,50,9,10,11,75,80,92,90,1,90,99,87,4
"114",0.806219003008125,0.811706725612432,27.3082383628935,22.7637948701158,58.6782416864298,43.1381348171271,85.3590255510062,41.184143004939,57.2505730739795,17.6479301718064,4.36834198818542,2.10275518312119,12.4187869422603,6.01445258944295,15.8396489091683,44.3875180534087,1,70,1,90,1,90,30,6,50,50,50,9,10,11,75,80,92,90,1,90,99,87,4
"115",0.527734843568505,0.633215648144941,16.1922784242779,20.7044882467017,41.4914057753049,34.6125337295234,73.8561823731288,43.2435958972201,40.6716923019849,21.3030337449163,3.8506734019611,4.29154651029967,13.404957936611,8.68545702542178,15.1073655672371,42.3275046574418,1,70,1,90,1,90,30,6,50,50,50,9,10,11,75,80,92,90,1,90,99,87,4
"116",0.304707232642714,0.324474414686939,11.5297828288749,21.7752669379115,32.976349380333,36.4362774998881,76.3244230626151,45.8588523231447,13.4540862310678,17.94805604266,3.3172607475426,9.00812473823316,3.98854259448126,7.62829187675379,15.1527986850124,30.2560549532063,1,70,1,90,1,90,30,6,50,50,50,9,10,11,75,80,92,90,1,90,99,87,4
"117",0.401604198195033,0.425869240239109,22.741958219558,20.1014868495986,35.6695315847173,27.7146511944011,80.672801095061,35.1196938566864,45.2108425833285,18.6620980873704,8.07635257253423,1.21760397660546,7.83646428072825,8.44403251772746,19.7401585127227,33.0629006645177,1,70,1,90,1,90,30,6,50,50,50,9,10,11,75,80,92,90,1,90,99,87,4
"118",0.354577968823567,0.366202048900599,21.3666901178658,24.1967628570274,36.1865815892816,44.4148376642261,79.4337454251945,48.1687908852473,51.190845540259,24.7142922086641,4.07075579301454,10.2713413101155,3.13253054954112,7.01633397373371,16.1205102247186,37.7077144535724,1,70,1,90,1,90,30,6,50,50,50,9,10,11,75,80,92,90,1,90,99,87,4
"119",0.43257109229588,0.449246238285621,13.2739692321047,23.174257283099,51.8664775276557,38.3688364352565,87.2439077682793,49.9587884917855,35.8571056625806,16.438290188089,6.15924003510736,10.0281334419269,4.17960458109155,6.64027476683259,19.0377458371222,40.6774318276439,1,70,1,90,1,90,30,6,50,50,50,9,10,11,75,80,92,90,1,90,99,87,4
"120",0.504375862361504,0.592775674545911,13.4958255104721,21.7563861608505,43.2374146487564,44.3548455019481,72.4600369064137,48.395453915,68.3483173535205,19.1791980224662,2.86388589954004,9.8755202498287,10.5169201397803,7.72148748161271,18.0864991818089,40.0963571271859,1,70,1,90,1,90,30,6,50,50,50,9,10,11,75,80,92,90,1,90,99,87,4
"121",0.625350862110515,0.724050758530095,19.3133184732869,21.35343153961,38.4557870635763,38.3510641637258,73.4291179385036,44.1751347156242,17.7207715809345,15.4090417525731,1.1491357665509,5.21078239264898,15.5459821480326,5.06508098682389,15.3593676700257,38.295271609677,1,70,1,90,1,90,30,6,50,50,50,9,10,11,75,80,92,90,1,90,99,87,4
"122",0.480150364201734,0.463046646788761,19.654694031924,23.4490101691335,42.8763662232086,41.2377298111096,86.0386052029207,44.7766850842163,72.2226385655813,23.9391618780792,1.86641413602047,16.7815358187072,1.46700512664393,8.19548625615425,18.7611788499635,39.5096306700725,1,70,1,90,1,90,30,6,50,50,50,9,10,11,75,80,92,90,1,90,99,87,4
"123",0.535425524458627,0.594310477846985,16.3354862993583,23.5259085474536,58.4799797320738,38.5515043395571,76.2000577617437,49.0074205165729,41.7323264689185,22.2456246451475,3.27723460551351,6.23637517914176,11.7758617498912,8.23481834959239,17.2604130383115,32.2262826212682,1,70,1,90,1,90,30,6,50,50,50,9,10,11,75,80,92,90,1,90,99,87,4
"124",0.500243054720945,0.531093572643975,29.4726818287745,20.6498163891956,57.4694552016445,42.7372902981006,72.1371476864442,41.6025310475379,75.17624740256,22.4801895581186,2.52405621577054,11.8836808025371,7.71401010011323,6.7351841845084,15.4163362213876,30.9882463607937,1,70,1,90,1,90,30,6,50,50,50,9,10,11,75,80,92,90,1,90,99,87,4
"125",0.36744835405136,0.364206620942904,27.8528332291171,21.275881244801,36.9331696000881,28.2818048552144,76.4748919336125,40.7120912242681,87.9267188161612,21.8911961838603,2.18494122545235,13.4974750159308,2.17975747864693,7.07858620677143,16.2256865773816,32.8690916101914,1,70,1,90,1,90,30,6,50,50,50,9,10,11,75,80,92,90,1,90,99,87,4
"126",0.70997223250296,0.655264217168404,15.5861554527655,23.4140855260193,40.5094393598847,35.6457728892565,84.9470300925896,35.1431987853721,78.9740103227086,20.3061429201625,2.03366327495314,4.29890168085694,8.06900593661703,6.27602691063657,15.3041871648747,38.8979804352857,1,70,1,90,1,90,30,6,50,50,50,9,10,11,75,80,92,90,1,90,99,87,4
"127",0.487400306958994,0.53006972656678,17.244271482341,23.1287518655881,46.1887103598565,42.462124483427,77.6704356772825,49.7399742621928,67.3839933704585,15.4556004377082,4.87188015459105,8.47568180388771,7.85834645316936,9.89759427495301,16.058705218602,38.317623459734,1,70,1,90,1,90,30,6,50,50,50,9,10,11,75,80,92,90,1,90,99,87,4
"128",0.452379628181867,0.494185714954318,15.6343211373314,23.3591773128137,32.8936916263774,43.660507799359,81.7529973946512,47.564927265048,42.3962605814449,19.653554498218,6.02274372591637,7.5527244147379,8.1749419842381,8.29819309408776,18.7439811276272,32.0617602125276,1,70,1,90,1,90,30,6,50,50,50,9,10,11,75,80,92,90,1,90,99,87,4
"129",0.648039056324293,0.785243953146242,25.5585232237354,20.0611730711535,36.1846130923368,33.9899568876717,80.228687771596,44.8339152615517,83.8527604099363,15.2927816775627,6.65590702113695,9.60815906594507,15.7765784899238,8.35184495081194,17.3519619915169,37.1245805255603,1,70,1,90,1,90,30,6,50,50,50,9,10,11,75,80,92,90,1,90,99,87,4
"130",0.607128528382394,0.624045788276961,11.1357065243647,21.9264287129045,52.908976203762,36.1095288884826,89.9855801928788,39.8515663715079,69.7828969708644,22.3675775923766,8.38389671174809,4.34943116549402,10.5230070296675,5.02797089749947,15.1493953878526,31.7269456561189,1,70,1,90,1,90,30,6,50,50,50,9,10,11,75,80,92,90,1,90,99,87,4
"131",0.589068643193293,0.634181855183235,14.6689575910568,20.4303068574518,55.9233959019184,27.8990067425184,82.1193573111668,39.3306274013594,71.004182654433,21.1517362552695,3.0276448475197,7.51931837806478,10.0308156386018,7.86899722996168,19.5071009232197,40.9356989501975,1,70,1,90,1,90,30,6,50,50,50,9,10,11,75,80,92,90,1,90,99,87,4
"132",0.433524889206077,0.458802656283792,28.8943873345852,21.7270936165005,37.9478405532427,36.5189909469336,83.7516207434237,39.9252229370177,58.2638620398939,24.2168308747932,7.21344816777855,5.22237059636973,6.76464087306522,8.66956185665913,18.4414666739758,36.9170173758175,1,70,1,90,1,90,30,6,50,50,50,9,10,11,75,80,92,90,1,90,99,87,4
"133",0.440921307791048,0.377083666957571,16.494900858961,28.6332426732406,42.6844446826726,45.0500677863602,87.6835770811886,48.6625280510634,39.8416442493908,17.7357191964984,1.58389771636575,8.16547582461499,2.13838768727146,5.86791759240441,18.7397399859037,32.3311844654381,1,70,1,90,1,90,30,6,50,50,50,9,10,11,75,80,92,90,1,90,99,87,4
"134",0.543386370220475,0.654082726919723,15.4254726320505,20.7446271972731,52.8016037656926,49.5448828674853,76.5508585423231,48.8439637701958,14.1101929033175,17.4131625168957,3.57622078387067,11.4449837149587,11.4285995385144,6.06775926426053,17.8978880005889,42.3953134368639,1,70,1,90,1,90,30,6,50,50,50,9,10,11,75,80,92,90,1,90,99,87,4
"135",0.634913945478133,0.672206842844264,22.293929355219,20.2530582295731,32.4433281412348,40.8059419714846,73.6058568162844,35.1271422905847,86.5621340624057,19.8775565670803,1.98290331382304,11.0424896446057,11.0025922383647,7.60453038848937,18.4313676110469,31.870994400233,1,70,1,90,1,90,30,6,50,50,50,9,10,11,75,80,92,90,1,90,99,87,4
"136",0.464662337883058,0.44999724970452,26.6633053822443,21.4644087664783,31.9455773360096,30.1809325406794,86.5409671608359,33.3163687447086,65.8914499171078,20.1687538274564,2.92894520936534,5.05915046180598,5.58786877058446,5.31507405568846,19.9948910588864,38.6447613872588,1,70,1,90,1,90,30,6,50,50,50,9,10,11,75,80,92,90,1,90,99,87,4
"137",0.232961876902163,0.261549079864803,24.2900471761823,21.4502216409892,38.2360759167932,35.6604241183959,72.1978077897802,49.5421749539673,23.9586694794707,22.5594137213193,4.13352987752296,9.40289518563077,2.28967757569626,9.16098183020949,17.0094569027424,36.0495939734392,1,70,1,90,1,90,30,6,50,50,50,9,10,11,75,80,92,90,1,90,99,87,4
"138",0.492460467329356,0.523072812922903,25.4670149786398,21.4353424450383,46.749136664439,42.6544402784202,87.5792845385149,42.0144344680011,24.8357861721888,20.3190681664273,8.49499816144817,5.70872370083816,7.95388393616304,7.62372758006677,19.2924322118051,35.622628176352,1,70,1,90,1,90,30,6,50,50,50,9,10,11,75,80,92,90,1,90,99,87,4
"139",0.483490826693562,0.47199185107672,26.774718076922,25.3359919879586,52.9418908129446,45.161057007499,81.5394773148,47.7024330804124,7.50301754102111,17.4934143293649,1.08831774163991,6.28942287527025,6.73128115781583,8.66553589468822,16.748164226301,33.8460378802847,1,70,1,90,1,90,30,6,50,50,50,9,10,11,75,80,92,90,1,90,99,87,4
"140",0.546340268260728,0.55068237651849,17.1591064473614,22.7668860275298,42.5061703054234,42.2381667187437,89.6941536851227,45.394959365949,75.2188462461345,21.4002719684504,1.45002206158824,17.9709510332905,3.13932027667761,5.17343464307487,17.0052976126317,42.3836911947001,1,70,1,90,1,90,30,6,50,50,50,9,10,11,75,80,92,90,1,90,99,87,4
"141",0.794503213967224,0.873937058179031,17.1162126865238,22.7580935461447,44.2622017487884,49.9225610983558,84.0033356240019,43.4297809563577,79.5654928986914,21.8519476801157,8.47648848220706,5.19118547975086,17.7865403934848,9.47977645788342,17.3059223312885,30.4064369900152,1,70,1,90,1,90,30,6,50,50,50,9,10,11,75,80,92,90,1,90,99,87,4
"142",0.771862187184325,0.890001828173918,27.4978733435273,23.1511983089149,38.2775432732888,36.829985951772,89.6871761465445,46.626093480736,43.7211286090314,22.6473800395615,3.70099671976641,8.8200658892747,16.1393584844191,7.8926576860249,18.3209547272418,43.7018759956118,1,70,1,90,1,90,30,6,50,50,50,9,10,11,75,80,92,90,1,90,99,87,4
"143",0.765275081900879,0.842666060572348,26.1918589007109,23.7498102895916,36.6465236130171,42.8723965131212,82.4797581555322,44.777728705667,43.2412486639805,22.0657294173725,2.14961575320922,5.70316314813681,14.9800155265257,6.11737934523262,15.4289502627216,44.3928949080873,1,70,1,90,1,90,30,6,50,50,50,9,10,11,75,80,92,90,1,90,99,87,4
"144",0.475429873395514,0.509007642312221,17.2784265968949,20.3730254108086,39.9587668315507,40.9093031892553,76.3563180016354,36.8016447639093,47.0721887075342,19.8162078252062,4.79395396332256,3.36117991409265,8.08914397540502,6.47675855201669,15.1627884269692,44.7683322255034,1,70,1,90,1,90,30,6,50,50,50,9,10,11,75,80,92,90,1,90,99,87,4
"145",0.498912018166697,0.4856946510637,19.2124054813758,25.041264644824,42.4472236912698,36.1024960002396,89.2915586940944,46.4127490203828,78.8403438823298,21.5829502674751,4.35965766385198,8.41809219284914,4.08665642188862,8.36106521543115,17.7884204196744,43.3342355140485,1,70,1,90,1,90,30,6,50,50,50,9,10,11,75,80,92,90,1,90,99,87,4
"146",0.407408646840553,0.461445228856841,28.7243378441781,20.0458451546729,45.7749487250112,44.0887444419786,73.9253279427066,45.7801667554304,65.816631289199,17.1705732145347,4.08159114629962,12.0062341422308,5.46602655830793,9.98955236631446,18.3461390412413,42.3604835628066,1,70,1,90,1,90,30,6,50,50,50,9,10,11,75,80,92,90,1,90,99,87,4
"147",0.57499471268747,0.633275938862688,24.4226974155754,21.1837625317276,40.5914037907496,35.5224610422738,89.0270573413,41.5958402911201,16.4123593876138,16.2031128932722,6.22535001020879,4.08740896475501,13.1294277301058,8.43878253595904,16.4708256046288,30.1798698480707,1,70,1,90,1,90,30,6,50,50,50,9,10,11,75,80,92,90,1,90,99,87,4
"148",0.544647858576951,0.604210059690287,26.2489622132853,24.1684552514926,35.5778328515589,35.1946298731491,76.5076262550429,48.8497480610386,87.3665246902965,23.4563047508709,2.58319712034427,11.8850091316272,9.69498158735223,5.05719988839701,17.7010964322835,34.5558256935328,1,70,1,90,1,90,30,6,50,50,50,9,10,11,75,80,92,90,1,90,99,87,4
"149",0.45761919453657,0.448097112021478,24.0148272970691,21.7662568390369,37.3080871556886,38.9359187043738,83.759656008333,39.928808263503,75.4414090770297,24.8901265417226,1.61585179646499,17.2295036187861,2.32210070546716,8.70727385859936,19.7861355065834,33.1017826858442,1,70,1,90,1,90,30,6,50,50,50,9,10,11,75,80,92,90,1,90,99,87,4
"150",0.695466046925528,0.789531266703765,16.8362495722249,21.4174649678171,33.5522752208635,49.4929929729551,80.8781340299174,39.2391060711816,70.439031701535,23.1906067882665,8.45458834199235,3.35791984316893,16.8692570403218,7.24557657376863,19.0500084112864,33.1644325261004,1,70,1,90,1,90,30,6,50,50,50,9,10,11,75,80,92,90,1,90,99,87,4
"151",0.335654001453517,0.350730506117493,29.5857891021296,22.6568964216858,57.2614569822326,35.6885009212419,74.0829154662788,47.5159254623577,38.9447359344922,24.8483177670278,1.56273763114586,10.0160122786183,3.95766968629323,9.40099203260615,17.9117418336682,33.5530615446623,1,70,1,90,1,90,30,6,50,50,50,9,10,11,75,80,92,90,1,90,99,87,4
