"total_incidence","prevalence","API","bh_max","eta","covEDAT0","covITN0","effITN","covIRS0","effIRS","muC","muA","muU","percfail2018","percfail2019","percfail2020","EDATscale","covEDATi","ITNscale","covITNi","IRSscale","covIRSi","lossd","dm","cmda_1","cmda_2","cmda_3","tm_1","tm_2","tm_3","effv_1","effv_2","effv_3","vh","MSATscale","covMSATi","MSATsensC","MSATsensA","MSATsensU"
4.46151230591321,3.31525012283032,18.9690128248185,22.5122224818915,38.4186055348255,35.8873637684155,82.1319864410907,38.7990557216108,82.9643863392994,24.0334778092802,4.54458409408107,5.13701295736246,15.4947967492044,5.63095061457716,15.400904136477,33.1566155701876,2.27402200596407,90.391850330634,2.65128092421219,90,2.0015980754979,90,30,8.21660789195448,65.0800275057554,61.5335715189576,57.8996264189482,21.6121819680557,20.6207721098326,19.9762958756182,78.5098902101163,90.9886160702445,98.4779684662353,175.123654922936,1.46096504526213,94.8934648069553,99.9588677971624,90.7744951732457,25.4932364090346
5.38230451512082,3.38720746085183,22.502954765223,25.7908700499684,55.4974977322854,40.5645096674562,79.067391990684,45.2754729567096,77.9638864472508,23.8056529965252,1.27908738516271,4.78178134211339,6.87724805506878,5.16844067489728,19.3869481701404,43.969982333947,1.57834429712966,86.247689287411,2.64330254169181,90,1.27247437741607,90,30,8.51735151931643,61.6753004351631,55.3447500430048,62.6229681959376,10.3247818343807,26.7669459730387,23.6724350848235,87.2707101353444,88.2611306896433,95.7407951888163,90.4992254450917,2.77751332568005,92.8394529107027,99.5737041246612,90.0706366784871,17.8355701179244
4.41317486659255,3.34642275233461,25.2782013919204,21.5870842663571,40.666138662491,43.3342104195617,89.632480237633,41.1926322570071,47.7484006946906,16.8236446543597,9.71905214875005,4.36359118809924,13.49691574811,5.79452535370365,18.6710278631654,32.9804649506696,1.78204386122525,75.4789511370473,2.06625502370298,90,1.01358307059854,90,30,9.04057426471263,52.5325696729124,65.0066208094358,58.5034533496946,14.6275459569879,35.349070079159,15.259485861985,82.5173258793075,90.0254623475485,97.1802643656265,128.620994272642,2.13388104084879,92.6693801488727,99.5278045570012,88.184054531157,18.5885616638698
4.52031440935308,3.29988201760644,22.0367572689429,24.9843657994643,49.5982800680213,30.2477314893622,79.457018552348,48.0579394195229,83.2399059925228,24.9253535224125,3.90030035190284,3.22790846670978,14.864559110254,8.3569749200251,15.0884355383459,36.7566729022656,2.79057717742398,75.8622437878512,1.87412074301392,90,2.99354612082243,90,30,8.02942054253072,66.9988193083555,65.9824830526486,67.1401314344257,15.6977854308207,34.3655604692176,19.5858774778899,78.7517153739464,82.8734381543472,94.2905319787096,136.401153977495,1.32351738214493,93.321703216061,99.1198901729658,93.1961275693029,15.4841916118748
4.39541036899644,3.37971262213178,22.1593548450619,21.1833199299872,51.3098746910691,45.3280198271386,84.5399624388665,46.6150634782389,28.1989610963501,15.084650949575,7.17259959131479,11.9636725042947,8.56371166394092,9.46790474117734,18.0857523682062,30.6257846450899,2.35113076027483,83.3412586699706,2.55059907352552,90,2.96036320179701,90,30,6.99944166373461,62.9835639940575,60.4389206459746,54.0412670793012,26.6295013264753,34.3722666134126,25.0518427127972,85.2732448477764,88.9710285468027,97.1018351409584,127.607750126626,2.80451428424567,90.9026379114948,99.2509680695366,87.5851000566036,6.14596843672916
4.90621602657103,3.41348065895543,25.5374291632324,20.5197746306658,50.9007068071514,49.6975130226929,77.7076407102868,32.5754203880206,82.1337609621696,17.9597353446297,3.56179114058614,3.31602574069984,19.3270253776573,7.729532540543,17.1800819982309,38.4974459919613,1.30886703170836,85.2439843281172,2.37442336603999,90,1.93539295112714,90,30,7.15890910942107,58.013872471638,52.2276214743033,64.9268563091755,28.1381920909043,13.6735235629603,21.120850102976,88.9016375981737,80.8556505618617,97.6722296534572,101.424599324819,1.18270865175873,91.7417806794401,99.3872808369342,93.1068995501846,4.81043839314952
4.00325717279384,3.15334071965142,25.5370126198977,20.8393693109974,46.0019035963342,45.5674908007495,71.8752784654498,49.1940353903919,87.4662304879166,18.3947446662933,2.62751151737757,13.0686656434555,11.4046093188226,9.70147414016537,17.0116698998027,41.1091739230324,2.79206485347822,84.1810186847579,2.43146517733112,90,2.01426093140617,90,30,6.76457714661956,59.0646453713998,54.996966519393,68.2803268078715,10.2086190101691,26.2622057339177,20.3182510696352,88.4322305896785,94.6078941365704,92.7256684675813,111.607195737306,2.45554857747629,90.0414124387316,99.7788036253769,90.9167368039489,5.31095748348162
4.22339137588232,3.02051512361287,12.3811156349257,20.3018326964229,59.8310583410785,49.747136834776,77.1016720635816,36.7738161142915,80.6010474683717,22.2864409396425,3.48458968219347,6.59960494400002,14.2505324964877,6.86760949669406,17.9651416954584,37.4034122389276,2.92778315301985,93.5997793904971,2.25895603280514,90,2.37929088110104,90,30,8.83016151655465,68.0058981711045,66.9144903309643,65.9339320193976,30.2224607218523,33.4621116737835,18.282506354386,79.3337752553634,91.9568052387331,96.6086778198369,197.213142046239,1.73370590247214,93.1761786411516,99.9021913835313,92.9556648954749,13.1770747834817
4.16855185024242,3.00240340690963,17.3158738436177,20.9884505113587,43.0381926312111,33.5132639796939,89.6730863722041,38.7620771303773,20.7103678048588,19.5868239970878,5.88277377164923,2.11894509359263,11.2164916070178,5.7922212977428,18.8298633077648,41.3308262208011,1.27100719697773,87.9802367987577,2.26152935577556,90,2.89763220027089,90,30,10.2720926413313,57.0436806790531,52.1332954382524,58.176647098735,29.7026202064008,31.0644325781614,33.8525993763469,80.1205492531881,90.1562077435665,96.5226238796022,96.2377944472246,1.07631438365206,91.2011703685857,99.5422752697486,87.2898315023631,12.3255737358704
4.34223105028878,3.12160878820154,17.4029012676328,23.6629984015599,30.3998358710669,34.0148850926198,89.9734034901485,43.7349009467289,58.5791643639095,19.6950017684139,9.66001991345547,3.24741286947392,4.23253414896317,6.11234668060206,17.7883902029134,39.6851434372365,2.03192505100742,75.3839954431169,2.30977591034025,90,1.12665629154071,90,30,8.73307702224702,56.2338601192459,53.2992724189535,54.2834018822759,14.9419551913161,32.179334288463,35.6994962159079,78.0447938223369,87.5834957975894,92.7107554008253,132.478017003741,1.29314491851255,92.0901964290533,99.9838468194939,94.0724534764886,11.2858205460943
4.35408434889296,3.35098755842787,16.9996123947203,21.7913124104962,48.7866159388795,48.8168066658545,88.3237911900505,46.6752246627584,38.1922030309215,21.7101422115229,3.01543448283337,18.3039953811094,3.36331915785559,8.85435401578434,16.8439693551045,41.7109877604526,1.3824592246674,85.6485305400565,2.01437433203682,90,2.34119967836887,90,30,10.1071606962942,65.7189029827714,55.5656892806292,69.126265225932,20.690058166394,14.1320119621232,11.8783158787992,89.5853680791333,89.0542683470994,95.249251421541,109.87532700412,1.10621466254815,91.7476569581777,99.7536736968905,89.3667044229805,20.2878371286206
5.15174480381121,3.30172266134934,20.4009837796912,25.5653858697042,33.0277506820858,27.1118857199326,83.6430312413722,47.6473369682208,23.1741486140527,17.3227140353993,2.56012017140165,2.67762917862274,4.29621144616976,8.38832676177844,19.5729058235884,40.1749168918468,2.51185799809173,84.3153884855565,2.78684636903927,90,2.86686947010458,90,30,9.05147006129846,52.707320060581,66.0134882060811,52.8809124045074,34.6671510511078,13.6738230404444,28.5611613143701,87.8759703808464,82.8565376915503,97.0546529123094,103.929590671323,1.88421407435089,93.6101475276519,99.2255671336316,93.3723999466747,20.2657611565664
4.1977670167068,3.04360698569475,27.948651202023,21.171070379205,58.0630290624686,41.1130354565103,87.4535605683923,41.5378129249439,17.7694396139123,17.2382880630903,7.85556592978537,3.68989156093448,11.1599254601169,8.24029229348525,18.7233125569765,31.1507156258449,2.5562698780559,81.7513557721395,2.4709293958731,90,1.90879356767982,90,30,7.27099818410352,66.555732358247,50.7709517562762,51.4820212917402,31.3503864209633,13.4148934795521,30.5561614003964,83.8038144155871,90.8843414892908,98.8657855789643,100.139590669423,2.05351044004783,90.2375360613223,99.110972418217,89.2197181712836,4.52430819394067
5.35519749284149,3.33929672557268,25.4589646402746,24.8075060546398,49.2753664520569,44.82985806535,84.7271520504728,44.5567299425602,15.4623955325224,23.5291780391708,2.2126583205536,6.90526379272342,4.43200628529303,8.20891319192015,15.3248323185835,35.5864318145905,1.91154676256701,89.125333923148,2.02060332242399,90,2.90983172785491,90,30,6.18269362673163,63.1820754567161,55.4491823213175,52.5467769149691,14.1027131443843,17.1908618966118,27.9850722129922,83.8695076061413,86.8146539176814,93.0501615155954,177.2985197464,2.23457764042541,92.2563167696353,99.307955768425,93.3600097410381,19.5490150973201
4.43273360208677,3.23063778124094,26.2680755415931,24.0087172063068,30.2419543289579,40.2834779408295,85.2443377068266,46.205244041048,58.6161976656877,20.6628957623616,4.17861723271199,9.60011220164597,8.08389483927749,9.5292358356528,17.5733698077966,35.4320574004669,1.35902030114084,87.0116499473806,1.52314143953845,90,1.0402781618759,90,30,11.3257991876453,59.4136968301609,50.8968520816416,55.2311578439549,24.1460427842103,11.1406611870043,20.982598782517,88.73129573185,93.1109371921048,92.5041537301149,119.573097350076,1.4522041939199,91.0984514828306,99.6310040156823,93.8811740297824,10.6584392618388
4.40698509030844,3.3308215603646,29.4750119512901,21.3878186279908,59.7884595044889,32.0884946908336,78.1690091686323,48.8875213591382,51.2518525100313,20.6877253996208,7.26686667161994,9.06824462884106,4.75526788993739,9.12071767728776,15.2329312579241,33.8113438803703,2.65151889948174,73.5910469829105,1.38983560958877,90,1.46854735864326,90,30,8.00339880678803,52.0591572253034,50.9319761907682,66.6071714367718,35.2205972922966,33.0485704857856,33.523749229731,89.085780554451,82.2133585857227,96.7181746223941,142.331443990115,1.37526543112472,94.4091569609009,99.4783393989783,94.1880368292332,28.7697425545193
4.34682291850597,3.28698411821564,21.9358201138675,21.1540882848203,35.9978443128057,29.4797479582485,84.4061538763344,46.2575713265687,21.997071581427,24.7585630789399,5.11456350516528,11.4296974416357,1.62338361213915,5.3813236404676,16.7947896919213,43.3050892304163,2.5296109803021,70.8155252085999,2.0467430553399,90,1.15384448692203,90,30,11.4275463321246,55.0465308548883,68.4706337796524,50.4629469756037,25.8275765120052,29.3970188577659,35.6822528773919,82.0448982040398,80.1001327403355,94.8561185987201,129.317108872347,2.28413779474795,93.349804278696,99.6284114669543,87.3444764278829,7.99202858516946
4.03827394641038,3.18672199605557,21.5218217950314,20.2531697554514,49.8732439172454,47.1263798594009,75.1921777613461,46.3835550425574,68.7411670549773,20.6878767209128,4.81397848087363,13.3070809098426,10.7989278163295,9.80147561640479,17.2909797145985,32.5723470398225,1.16563032614067,74.1907887032721,1.29270359547809,90,2.02626681607217,90,30,10.1467262743972,62.4937190953642,67.8017166955397,58.8511389587075,20.3611061875708,20.3725822833367,17.9113331614062,83.9249891869258,91.3447840244044,97.1014695214108,198.352118046023,2.13498230604455,94.9763644800987,99.70871278923,89.8258959781379,29.3035566569306
4.41527621434507,3.14849879384744,23.8681501103565,24.0881354687735,47.9708964284509,32.7084849355742,88.7705112528056,43.9899639599025,74.2415097146295,16.0945327673107,6.95425099064596,1.42764321039431,11.035911206156,7.2756287723314,19.6894853143021,36.0252652480267,1.10014088684693,89.3298844795208,1.30901601165533,90,1.2745085824281,90,30,8.94523797137663,57.1300680376589,69.452587957494,53.4345794422552,21.3413206581026,31.5275329402648,27.4710460870992,80.3380496171303,88.9619487244636,95.6000291986857,117.417619514745,2.41911916621029,91.3130397058558,99.0600571294781,93.2923639714718,28.3371933149174
4.34365427637967,3.03948616669737,24.2941528977826,22.8332820953801,33.8033619895577,34.226725960616,80.5350172473118,40.7440958777443,66.1200343910605,23.0399281973951,6.11616507847793,2.61086377617903,9.27773912693374,9.99214632902294,17.4320289783645,34.4117288093548,2.69233280606568,91.4605643355753,2.73194623598829,90,1.21067012706771,90,30,9.05210238369182,52.6486578257754,59.4381131138653,63.2989639928564,30.3662011411507,12.7145375940017,31.9898945060559,87.9455638525542,94.9244960781652,94.7039451522287,195.948672173545,2.5852214070037,94.6610642434098,99.4056547998916,89.7695510424674,4.58967649331316
5.06490077338838,3.45990620948622,17.2458487562835,20.9925638418645,30.0037670927122,44.8205937282182,73.3885723678395,42.2804257739335,3.1400147988461,18.7455982645042,2.31427231081761,5.56113055045716,15.8835277163889,5.70853996905498,17.5773730734363,32.5849448062945,2.5041946801357,82.1335607836954,1.23446165863425,90,1.53554829675704,90,30,9.0276387068443,52.3359014419839,67.0540462015197,62.1247666468844,16.8985811392777,35.1559090330265,29.0239514680579,78.3911409415305,84.108371444745,95.6810991726816,116.603660518304,2.08024859335274,92.9599240690004,99.5082199822646,92.4739643745124,27.5464979647659
4.71042030751151,3.26699343745679,27.3960303608328,21.7673002975062,48.2288450421765,44.4158570782747,74.5913634262979,45.1229492248967,16.7624913272448,24.6269302186556,4.438381629996,4.60776568367146,14.2684127651155,5.57344961212948,19.3756936560385,31.6757220367435,1.59261996578425,81.4918599254452,2.51637134887278,90,1.01431257929653,90,30,9.47773338574916,58.8292096368968,62.65652700793,62.6771829323843,14.9047265849076,10.4320660172962,30.7141702286899,79.2907422152348,81.9454322836827,92.4253330598585,102.507752575912,1.52484541526064,91.6584167839028,99.1581672737375,87.7850757278502,20.5806168769486
4.42841833897882,3.15506338952096,25.457338578999,23.5371690010652,33.1782004795969,39.4924896536395,79.3529998371378,44.9446570267901,55.1436469936743,24.3788984324783,6.55207221838646,2.51392905483954,12.7307767763268,7.48888630769216,17.8597709396854,35.844654320972,1.08906820928678,81.0138713032939,2.78593569528311,90,2.005378134083,90,30,6.67301981896162,52.8960032062605,64.0747405402362,54.9766396032646,21.3371403913479,18.4456616281532,13.3826405580621,75.1781662087888,83.4666029049549,95.9686670047231,108.656287323684,1.9060544827953,90.0498876278289,99.0856928096619,91.0316842347383,13.9997315807268
4.12467792898826,3.43506466013516,28.114804001525,20.0340788625181,41.3764638290741,35.8819949266035,84.4741078093648,47.8147091995925,36.5505619486794,17.2424712800421,6.66129835136235,15.4088338483125,5.40378838824108,5.35923245595768,16.2240780051798,39.3754291045479,2.36744623072445,71.7944639141206,1.25750803761184,90,1.23449004627764,90,30,6.94899474503472,55.1623259065673,63.7951478501782,63.7304838793352,11.7474671434611,28.1854782253504,16.3350019035861,80.1784885232337,89.2505243618507,96.5729742362164,126.981376006734,2.64793791482225,93.1257519940846,99.4202087379526,94.7484568804502,24.0647778380662
5.06624628321361,3.39662564582716,20.1616700831801,22.4126986321062,48.3548255357891,40.8800180768594,76.7572429962456,39.820175236091,76.7264090850949,16.6916809533723,2.99048743071035,4.64857983030379,11.8714648950845,9.1492709191516,15.7882462802809,34.6192267548759,2.61157072521746,92.063873836305,2.53382107429206,90,2.11183884274215,90,30,8.13862711703405,59.1115123871714,62.8901351056993,50.130340019241,28.8702250344213,26.0905889724381,15.5155165018514,81.8296460655984,94.1714372241404,93.1832338832319,194.732459271327,1.36492369603366,90.6395225285087,99.4271001098678,87.4133316036314,5.07897916482762
4.55360892771076,3.24252218400895,27.7486360166222,23.9632098423317,33.2834673416801,25.045169814257,85.1984315412119,46.2187640136108,57.2429148852825,16.3423947780393,6.03546957974322,3.47525750380009,6.24670634744689,9.00955031975172,15.0744158052839,37.3041920678224,2.74471204308793,90.3564194147475,2.82348385406658,90,1.99195096967742,90,30,11.1324447160587,58.7971092574298,53.1996458442882,58.1620702752843,32.5981022128835,12.1598562654108,17.5714014926925,79.6395861147903,94.1055407619569,95.883870487567,133.463506798726,1.69167321315035,93.4326765628066,99.7992447509896,88.199982766062,7.35609289677814
4.22848731872237,3.3762483896287,10.512937833555,23.2175302971154,35.0502944597974,28.49839621922,83.9963488141075,47.5136086065322,70.5908739636652,20.6281914422289,5.31075031822547,7.98242320190184,13.7333478019573,9.38111979630776,17.964552702615,30.3644358145539,2.65996128041297,78.0521846248303,2.48457085946575,90,2.85455871233717,90,30,8.6490445076488,50.017936299555,51.5046339435503,53.295209207572,17.1758292708546,30.2328327842988,29.5458729334641,82.5362134503666,89.9239233962726,97.81998409261,127.089394140057,1.41493822261691,91.4551641454455,99.1362310347613,92.0822926778346,11.2149918479845
4.19199279048616,3.17529153988104,15.2558684069663,20.4897292330861,31.7256876197644,45.9790426131804,76.1588561628014,47.1904367860407,54.4937792862765,16.0164654557593,8.20066465600394,10.3366103416774,4.35568416398019,7.98011410865001,18.9171207300387,39.862532109255,1.29661657847464,78.5743707371876,1.27484700642526,90,2.45369747607037,90,30,10.2411500564776,55.9432423627004,62.7237227093428,51.7881246097386,17.9433144649956,18.285109449178,28.761318635894,86.0208389908075,90.3677454660647,94.0469877035357,140.613965850789,2.6557886088267,92.831820580177,99.2494658250362,90.7747166696936,26.3095060624182
5.47357622038672,3.33512329970513,28.9145855884999,22.2843294823542,54.6522001479752,43.2794265507255,77.7275263192132,34.8109245346859,86.019969494082,17.3531042342074,4.88646467030048,2.38898415211588,3.53435788070783,6.21392123750411,19.5429681497626,40.2844677760731,1.58610092895105,81.1145582399331,1.43224379746243,90,1.12944929581136,90,30,9.02400431223214,51.6915461840108,60.1931473705918,54.9683758663014,30.6018947619013,24.9607533840463,30.8299730021972,80.6064287829213,83.6528608074877,93.1210168292746,92.3415022878908,1.97998254653066,94.0482765599154,99.3062665900216,94.395154427737,17.6721103540622
4.35842364607715,3.48513613439941,25.0212074676529,21.0702622076496,40.7451383722946,48.8365416123997,74.6829920401797,49.7293966496363,59.3760131439194,16.6979304887354,6.74664064310491,7.9937333886046,17.6038791073952,5.71307492209598,15.6773590983357,42.8811989491805,1.26030757604167,72.206272125477,2.84549420000985,90,1.29975212365389,90,30,8.91918870387599,65.468497867696,58.3362026140094,66.1357608484104,16.9652581124101,13.3573172912002,18.2188324353192,84.6046779840253,82.815923410235,92.5515289076138,123.262721933424,2.88105565588921,92.935648317216,99.6029099656735,94.3674504682422,9.10549237858504
4.74883468625231,3.28472838382348,22.8114046948031,22.8227943461388,44.070596457459,47.9893635900225,86.834088745527,44.4026689743623,1.76419402007014,19.5322854048572,1.92754395515658,10.1463846268598,10.3620447537396,6.94048885605298,19.0708347060718,33.973421176197,2.90036014094949,75.3988420695532,1.19589633774012,90,1.64953005965799,90,30,11.558244089596,60.4496382875368,66.0492514772341,56.5778192039579,16.165594921913,20.0784967984073,11.194331019884,83.4193232737016,88.7848495738581,94.3936404658016,175.488505060785,2.10510808229446,90.1783456781413,99.8365311592352,91.415738247335,16.9475253713317
5.54385439343033,3.39441686422832,16.1421191971749,22.0090606948361,47.392194669228,44.3145635013934,79.0651573752984,32.819968550466,64.7309964825399,20.0035432516597,2.03828146052547,5.16965174651705,4.90238662506454,7.47043967829086,16.9856975739822,39.898046515882,2.51973303453997,81.7440874280874,1.97154525527731,90,1.33037938503549,90,30,8.8725898610428,52.984104398638,65.352157051675,56.2632233416662,27.5374420427252,18.3670368599705,17.3188446161803,78.8444372406229,86.2500036857091,94.8537635200191,135.336640989408,1.80897447001189,94.670873885043,99.8356295372359,88.6564533524215,20.543445867952
4.53094989330236,3.46626450584506,16.1209209822118,21.3962565036491,35.0391113734804,34.0947778255213,87.0472660753876,47.3019749671221,10.1226043514907,20.5735263414681,5.93929664953612,13.3021903345361,2.07698273216374,9.97478652978316,19.4037038472015,38.2493346906267,1.6359750200063,89.4924322888255,1.71961507247761,90,1.01963256951421,90,30,6.92053517885506,61.1494962265715,64.5753768319264,57.0190212409943,27.2445291085169,34.7258749660105,14.8689519453328,81.4683950529434,90.2908478991594,96.6128014004789,153.65091009764,2.47633222909644,90.5537262978032,99.8858961246442,94.6597622260451,18.1766438810155
4.16957967652196,3.15882378387781,25.4047157010064,21.6220662510023,43.9621091634035,27.3535724554677,80.892272349447,44.8677904019132,77.0349319791421,20.4296948295087,4.42001794255339,10.8988555802498,3.55454719113186,9.07599102589302,15.9185727860313,34.3498300469946,2.7476171744056,90.8233052515425,1.27439428679645,90,1.08659147145227,90,30,10.3877505613491,61.9332562200725,50.7284538447857,59.1591212991625,19.8616972651798,22.7222705101594,16.8063373027835,82.9607315151952,86.0526938037947,92.304105986841,190.390069587156,2.1192176444456,92.1158734604251,99.1159794551786,91.3760334216058,7.15141638414934
5.45027844728393,3.22061087642808,24.1952085215598,30.0397924380377,43.4391546668485,43.9987616089638,83.620746601373,47.737299236469,75.86327747209,24.050941276364,1.6097758281976,2.54801670345478,6.20942463516258,7.07750725676306,19.823158584768,42.5311940023676,1.46821490349248,88.0353042494971,2.16773380106315,90,1.13145407522097,90,30,11.8685488519259,56.6823595855385,64.6446971967816,58.2431311300024,9.93789173942059,26.337481434457,17.0063130862545,89.3746972025838,85.126490740804,95.3112606676295,133.032663790509,1.56610131915659,93.2092453283258,99.8697649640962,87.5473625119776,5.53275712113827
4.68649181971622,3.48756171598963,22.6066200295463,24.879131061025,44.8255169671029,30.4656345862895,87.3188616661355,49.6320560202003,83.4336122777313,17.4178111855872,1.46420174185187,15.4222778552212,1.64080271031708,5.9222951636184,15.0419494428206,40.8293972513638,1.49621069757268,71.8735082005151,2.84069560887292,90,2.92460402194411,90,30,7.31525310175493,54.9547323118895,54.1285135690123,63.6266767187044,25.0430479331408,10.1089716847055,12.9012655888218,78.6548851104453,93.0066332779825,93.2275237860158,100.904689496383,2.87479771999642,93.842657773057,99.2421933466103,89.6351158693433,5.53232505172491
4.06221051846742,3.42825821987184,19.2251602001488,21.0156880039722,55.6713406322524,48.6617808579467,83.0663925595582,49.3146963045001,47.4833487393335,22.983215698041,6.65798675781116,11.361272590002,16.5009689547587,6.27147287945263,16.3338010373991,42.0381506241392,1.51264807442203,88.7742571055423,2.34573902888224,90,2.84625058062375,90,30,10.7404683432542,56.9825886189938,63.9634442841634,50.6351750763133,34.4268777428661,30.3953051702119,35.6161583520006,79.6126252657268,92.9944917315152,96.6938266588841,178.804945130832,1.13041879842058,92.984056804562,99.8429503543302,92.8179252929986,24.2518677441403
4.28043849035949,3.1370407326157,18.4329256461933,20.9515987802297,38.3323899842799,33.4737482306082,88.4114938927814,36.2659438094124,42.4978858139366,17.4449426075444,2.5634097813163,2.26864159316756,17.9425128465518,6.88111314899288,19.3301701045129,44.8905864357948,2.2523472700268,78.4245254343841,2.52349140262231,90,1.90892336051911,90,30,9.22823028964922,59.0741001209244,64.2883227486163,62.262438358739,9.16572580346838,32.7574062123895,14.7570957036223,78.239611373283,88.3271256741136,93.6377804684453,182.05155543983,2.94637278141454,90.6437090027612,99.5913803812582,93.8137106373906,18.1550382492132
4.205182528769,3.26372889371145,27.7135332301259,20.7910707360134,48.914033761248,26.7070979811251,75.2106571057811,47.9993959004059,17.4543559318408,16.9156732270494,5.67234685318545,1.15126674761996,19.3163488579448,8.63481447217055,17.5266597117297,34.1778949450236,2.14019377157092,94.8488217475824,1.96611602697521,90,2.13075851975009,90,30,9.78712208010256,68.5350146191195,55.4637079825625,51.728574144654,31.0965822692961,11.3776752385311,18.3592889762949,83.3238025987521,82.4612093600444,97.9584920480847,155.630462325644,2.1491511752829,93.805567282252,99.1288773762062,87.1426408141851,19.2125493925996
4.15602611855201,3.48710039410667,23.1913255201653,21.5333966119215,51.3014483498409,46.1373906815425,84.7071492532268,48.2659935113043,79.2924981471151,19.7506664157845,2.15427135350183,18.5431697375607,11.9245092335623,6.0418727947399,18.8604106206913,41.2118031573482,2.86313275247812,74.8632478283253,2.48541981820017,90,2.88157629175112,90,30,10.6403140216134,58.0624523293227,57.1831526234746,52.6084743766114,20.1115760584362,16.3558293804526,26.1348073617555,76.8803911423311,81.3818026741501,95.1741706605535,94.4237984996289,2.93499102955684,93.6255165573675,99.3170798893552,90.1799148544669,12.8486245190725
4.17148224666535,3.14903858973328,25.3954770276323,23.6813928280026,31.4292274508625,35.7530473091174,86.9750247290358,46.9992095604539,58.9218201488256,20.0894265901297,4.65419306210242,9.43438488407992,7.91352911526337,7.68776362412609,18.6630701716058,36.882593545597,1.79149821167812,70.4712122317869,2.0299198278226,90,1.59837595839053,90,30,6.82030993932858,67.7320567518473,63.0767909064889,62.4063938856125,35.6445048262831,21.3140645800158,35.7402481210884,89.9179380282294,82.2437941317912,98.5139357293956,178.960122684948,1.98181507596746,93.0287611938547,99.9063813930843,92.739399343729,15.1130906105973
4.3462834394896,3.08603053908725,20.8764779288322,22.7812846051529,55.3966561099514,42.6778458466288,80.166128561832,45.6314513180405,77.7214352041483,19.1934766294435,7.93365798634477,2.53524948214181,9.55050911009312,8.00557708484121,17.4152079084888,42.2396448114887,2.79276935616508,81.5582082886249,2.83716227114201,90,1.50205769250169,90,30,8.55102663952857,67.7745095640421,52.5917879957706,54.1234426666051,26.8373723386321,34.9634804115631,30.6148056886159,89.0332838986069,80.6938505603466,96.2568476111628,179.290867056698,2.41782362153754,92.1406213298906,99.1889669150114,87.9751589242369,10.7621453464963
4.29020201833591,3.06575770578267,20.0114921340719,20.2664775028825,56.2905265088193,49.8865230882075,85.1808142056689,41.4923744136468,14.5586700481363,20.6345733627677,7.59106421493925,9.68359174602665,3.68401120859198,9.14175309357233,19.7321339277551,35.0841261923779,1.78049703268334,93.4295476810075,2.54698766861111,90,2.91113904537633,90,30,8.25065166363493,66.129099521786,54.5544438483194,54.2736812029034,14.5541001171805,16.7644677180797,22.1723028763663,84.3389919237234,87.4862992204726,92.3190044488292,133.898334910627,1.17060182709247,91.3045757776126,99.6816711837891,89.2817531861365,7.87117536086589
5.01805984215124,3.21995028411604,16.9839078793302,23.9454079186544,53.3927339245565,45.1491889660247,86.7757812980562,39.9122086400166,43.7820901488885,22.5167786073871,4.13963047601283,1.0419309658464,11.259769331431,5.39515918935649,18.803327169735,43.8077780348249,1.64766159420833,73.255215549143,1.83642040286213,90,2.23252205969766,90,30,10.9933970491402,63.1733415881172,61.1780826654285,66.334679517895,32.2636527973227,24.9573630127124,25.0577989281155,87.8533933823928,90.000071079703,92.2036076248623,132.00648574857,1.78021195111796,94.0863043372519,99.9694958671462,94.2824430279434,5.69782510772347
5.07718380777094,3.19676136598672,21.2751953117549,27.1902299532667,40.1372696994804,35.2544376219157,84.9481401313096,45.9308288665488,66.3199486490339,16.516694102902,1.46870097983629,1.94481585454196,9.71299731219187,7.74443353409879,15.2593141130637,38.7969320663251,2.06415731227025,87.0318193908315,1.65629269834608,90,2.41420369176194,90,30,8.64872326282784,57.8438424458727,64.3584176665172,64.3577857408673,13.8241097470745,35.640828192234,24.9151896117255,75.0808468996547,92.7827317384072,96.864569473546,115.966788963415,1.60080009931698,91.3174598896876,99.1076326232869,87.3302544485778,15.723945369944
4.76694672343645,3.06817221246244,20.9274324495345,24.0037055406719,34.9337903014384,28.8505926029757,73.5185748897493,44.3248707149178,51.5105226729065,23.1152296578512,1.01156481984071,2.5222546660807,8.24211738281883,6.89509470714256,18.6617945623584,39.3446566339117,1.15953530184925,70.5316822382156,1.58405145304278,90,1.93905031494796,90,30,6.07311505358666,62.7661592233926,56.9696767535061,69.4332278752699,20.0489811329171,22.241246313788,32.425147773698,85.348091974156,82.1018481906503,92.1325698143337,114.524278880563,1.14148214366287,93.0745063337963,99.9043397239875,92.8896091096103,22.274166196119
4.00608317012957,3.34676127881128,23.2309822877869,22.2989051556215,46.3295073690824,33.5551059746649,88.4218516619876,48.8095360994339,59.4951894111,19.5683378865942,2.69196868594736,14.2927233551163,11.718439782504,5.07508836453781,18.2742772996426,41.2835652683862,1.27512665186077,90.9480512770824,1.23661225382239,90,2.09538543876261,90,30,10.2143347556703,53.2286141859367,60.5409365985543,54.6397082833573,33.3018768921029,25.9720810628496,31.1374341384508,83.1136470555793,93.9212457265239,98.1914259064943,169.90188609343,1.33910917164758,90.2879506128374,99.441692562541,91.0205420926213,29.4560945457779
4.83945644830382,3.06333388365944,21.9923529587686,23.2385979453102,52.6131030474789,47.509280918166,88.55389717035,38.337139133364,37.4351864797063,22.8120346344076,6.23358118790202,3.16192360967398,5.39674395741895,5.94079625094309,19.0010880155023,35.6283331650775,2.34645898453891,76.3426737498958,2.03415072057396,90,2.92138961190358,90,30,11.7238278561272,68.0478722881526,66.653111493215,56.015639193356,17.2554575919639,15.8214578446932,14.8651114038657,88.682095388649,82.3157340544276,94.4321938192006,119.699718737975,2.45331787737086,92.9904526041355,99.576549703721,88.4012773633003,21.7012825980783
5.02394070313639,3.40449695246868,13.0073629040271,23.1266121100634,36.637666253373,47.8067153308075,74.4975171331316,43.8263964373618,82.2158201504499,18.900450700894,1.63384050060995,14.0869201980531,4.30598781909794,9.16909241233952,16.5702964970842,30.7321070891339,1.05279989074916,82.2607011697255,1.57319713477045,90,1.47122704796493,90,30,11.3656679028645,68.4532775497064,56.3585924915969,58.582204086706,34.4878371474333,11.2694477285258,18.9365776851773,84.8983773076907,92.9398125607986,97.969184829155,100.269529907964,2.66399374557659,94.3678798968904,99.4698096294887,93.9542770944536,18.6722283698618
4.29263903286128,3.11805326874738,19.2494035931304,24.6027169609442,31.9603262725286,44.5267603790853,87.3859352711588,49.3249755818397,29.5441544009373,17.9803747939877,2.75509280292317,10.6635552803054,10.4657335774973,8.06493441923521,17.2630636149552,31.2444213184062,2.0049181166105,79.3373193638399,1.34970848076046,90,1.07711815368384,90,30,7.90680024912581,57.086679097265,54.9072911730036,61.6614899691194,19.9418979403563,20.2728555607609,32.7494014417753,79.4678387185559,85.8519374195021,92.9122014825698,125.264437422156,1.43823220254853,93.9694919390604,99.090662840521,92.3621563464403,28.9497774536721
5.03065887845759,3.40191981317562,13.4692565491423,25.8421714836732,45.4451734945178,44.6983106376138,79.8679113667458,49.2435745615512,79.7260306519456,16.9126463891007,4.23292660713196,4.70437080669217,11.0553469827864,8.99240495171398,19.8429518542252,39.0116299968213,1.05050470447168,71.110757276183,2.0100784865208,90,1.10190937574953,90,30,8.39296339731663,50.7675789436325,56.2028157478198,52.5591619079933,32.9434360745363,22.6627200925723,23.407563556917,78.4221798903309,85.1576466974802,92.9770954742562,176.598771968856,2.05249986099079,93.0252015567385,99.2193023911677,87.7945768982172,13.2278897762299
5.26532086876932,3.42626849201006,21.8453384423628,25.7493502786383,49.3785705137998,43.9347725710832,82.5980510003865,43.5269509116188,75.3977961279452,18.2584339752793,1.51276240474544,1.86493610986508,16.7748663299717,8.72630936093628,15.3629421396181,39.4345422741026,2.69954922050238,88.1734286888968,2.05770447803661,90,1.97857296001166,90,30,6.71422203350812,67.4432459706441,56.2659359583631,62.3858434334397,29.6346636812668,21.7139048501849,23.4028033809736,80.7243372697849,93.8867292797659,94.9584368718788,107.985147421714,2.75749770645052,92.4578396009747,99.73804201046,94.4491584580392,18.2490122327581
4.30339322615783,3.01162667021868,24.4632009696215,20.7837521610782,54.6769893961027,41.5985749161337,80.5514321057126,40.7410746160895,48.3632458141074,18.8405596558005,4.56837116205133,7.56805178499781,6.17684846022166,5.88041362352669,15.7200705388095,37.5390674115624,2.05231090728194,89.9733732733876,2.96907699666917,90,1.69977077003568,90,30,6.49254578445107,61.126518570818,56.5905339038,65.7766977325082,25.0192065630108,30.8340729186311,18.8248231497128,88.1271981017198,82.6210560637992,96.5694270231761,92.2688438789919,2.71066458430141,92.6065219810698,99.5056298216805,92.8258765004575,11.6358827683143
5.33239288974847,3.3740101024517,27.7823431743309,24.829190634191,57.379105493892,29.5110492792446,76.5029392577708,45.6663150666282,76.6396421170793,20.3922766726464,2.92107690311968,3.40244471584447,3.35528125613928,6.00672636413947,16.50627898518,34.2417124228086,1.78500635456294,86.666490706848,1.34813461825252,90,2.19663062877953,90,30,7.06383290374652,56.2824819516391,50.4797823773697,54.8132304660976,17.8214928628877,28.2706524827518,14.7562061566859,80.5947694927454,83.6413215741049,96.3231950763147,155.342876827344,2.48688905406743,93.2982801680919,99.6785246918444,91.233016224578,26.12176144775
4.89443345447935,3.2799266868095,19.928477043286,22.8404108341783,39.6794025739655,42.9008199949749,86.7896148608997,41.6470343619585,37.4189577950165,19.2926947958767,3.91608185786754,11.3575937992427,1.08331911149435,6.17966211866587,16.137296006782,30.7540288951714,1.68393663829193,77.4697277683299,2.11425159499049,90,1.50046993559226,90,30,8.18902544304729,55.3199423663318,57.988282921724,66.3300012750551,32.6275290485937,31.2118718372658,28.8426824277267,78.1383269070648,87.386975302361,93.5236085820943,138.349758090917,2.72654580930248,91.1695312429219,99.291062469827,94.8935138974339,10.7903415472247
5.28562031739156,3.31889656766979,25.4025053558871,23.8602841598913,55.2018928457983,35.2815992024262,70.4067369922996,49.154462730512,46.1664654593915,15.1647108537145,3.8403014652431,2.87318549794145,4.80439732712694,7.42172856698744,15.4064104985446,33.5112229851075,1.88101209141314,73.8472194341011,1.24599717371166,90,1.89535782020539,90,30,6.67726763896644,68.8086839066818,52.5749546568841,64.4795486517251,26.6437049433589,27.3828054829501,18.981831766665,79.0883363073226,88.7974537839182,93.2345901515801,157.247530240566,2.08627082174644,91.3743008533493,99.1239852090366,94.9640366751701,12.4167421073653
4.70615646605876,3.31173922995161,14.0474231215194,22.0986064756289,45.1110206614248,48.3748440805357,89.6071122260764,38.4145343862474,61.262795033399,18.129042359069,2.31540144747123,10.8518467715476,8.80628876271658,9.39642639248632,17.5419076345861,39.538611760363,2.59054092178121,72.1997743460815,1.41402208199725,90,2.69922248087823,90,30,10.0902046705596,56.5047866478562,67.8316882438958,55.1938375178725,26.2959850053303,33.312485801056,18.5284944905434,76.5481480455492,83.4943777031731,97.1085428593215,150.057231727988,2.01719015417621,91.2687461916357,99.2106262976304,92.2721643671393,11.592616410926
4.70168280887002,3.45376338115357,24.3797646043822,20.1761658955365,43.4707851614803,29.9586868961342,83.0962554737926,39.5996705722064,16.2745812465437,19.0988551522605,1.70715723186731,9.28903078241274,10.4290183880366,6.83508373098448,17.4881045240909,34.022388960002,1.79674764396623,90.1191677595489,2.55962030868977,90,1.0574679817073,90,30,7.65926563879475,58.3403845597059,57.1409596363083,66.423777914606,22.3651028929744,27.0771137457341,12.7081395955756,82.8130731149577,90.5706361064222,94.9050419712439,98.7211418291554,2.32085707690567,94.8949854355305,99.8396292158868,88.7303377613425,26.1638071942143
4.64977158965585,3.0264380782164,12.7255512727425,26.1958694830537,30.1272202748805,46.4362441387493,87.8351419279352,40.5895614949986,82.1397038991563,20.8686306560412,6.69016389502212,1.02563361939974,9.82628197874874,8.17529957159422,19.0673058212269,35.0817927613389,1.73632041970268,72.0582107710652,1.14651360828429,90,2.61074242088944,90,30,8.2034628787078,52.4514123098925,61.863417760469,58.1540005141869,29.3677583760582,29.8484396161512,11.4775290377438,85.850129602477,92.4506069172639,96.7514357171021,129.546548849903,1.16500031761825,92.3144225182477,99.2704548502807,88.7205108609051,20.9193038037047
4.01088011174061,3.15484360307233,13.9533978607506,20.3896847832948,49.9880077689886,49.8455473396461,77.0226150704548,49.3973414646462,50.2685569482855,22.4069765210152,3.9297218315769,17.0097947800532,4.70943768741563,5.34823591820896,19.6191914996598,40.4147383826785,2.69711487088352,71.9719931122381,1.29240550007671,90,2.22321913624182,90,30,11.428237513639,68.7030729465187,53.0575848696753,63.6507804878056,16.9007678856142,33.5623171390034,16.5787988530938,77.2511132934596,94.1812367585953,98.8249273565598,162.838453634176,2.25916414055973,92.028514923295,99.886509580072,89.3567994106561,19.4218549877405
4.29775890895207,3.04050450687922,15.1840502908453,22.4206435494125,55.8402928803116,25.5526375432964,86.0170540958643,42.9423837224022,37.5494335172698,23.9034366724081,4.6055651511997,4.35590082313865,6.70250269817188,5.32713151536882,16.7026503081433,32.3245967121329,2.07731774076819,81.2923501816113,2.88696119841188,90,2.78379944059998,90,30,7.70296063413844,62.766112475656,67.7338262228295,58.258537100628,29.1017399348784,16.1375864306465,11.7305630366318,83.5546924977098,91.5562724508345,94.6665400471538,165.677779144607,1.46814726945013,92.1298422035761,99.9994166765828,89.4944459665567,20.4771544677205
4.74282877989252,3.10282973155714,12.47077583801,26.338473316282,45.53906154586,39.4751998712309,87.0182263897732,46.1455489834771,59.1768377716653,23.6799686402082,2.17002483247779,7.67247786745429,4.05451342812739,9.91486504441127,16.1702101468109,36.5095323964488,1.21119695715606,91.0488825337961,2.25686890399083,90,2.48409240273759,90,30,11.2741928058676,52.2908825147897,60.0870502879843,52.6923102652654,10.7250034678727,20.6581480088644,25.3459881423041,79.5290672394913,84.0798668761272,93.5978669810575,139.366443713661,2.6835378492251,91.4108671550639,99.7300655059516,87.1811378486454,21.7481997827999
4.32085946163516,3.43518502960286,22.9458046657965,24.0133597841486,38.1361257797107,26.4581130410079,83.4299648273736,49.5090793911368,66.057155218441,24.4937388715334,9.4888094807975,1.92078961641528,13.8340245741419,9.35480581130832,17.3608825867996,43.0889280990232,1.08760560955852,70.5981354275718,1.94980705576017,90,2.29589528217912,90,30,8.95153584284708,65.1157671958208,68.2485555671155,67.7865250920877,27.9162042711396,17.3779866835102,23.7134446636774,88.5795462015085,89.1054884775076,96.1340838430915,187.389545314945,1.18780270917341,92.6811204419937,99.4387434755918,91.5398596953601,9.36874321475625
4.86732348580017,3.16800401916631,25.0387494498864,21.9123761868104,49.2821423476562,43.9063292578794,83.2396742142737,38.6861116578802,54.0937452879734,17.6509739854373,9.37212144653313,1.24228753126226,2.96639566449448,6.05024357908405,17.2669537866022,42.1267471939791,1.79926661448553,78.3190522913355,2.18311419151723,90,2.18763598706573,90,30,6.61111172055826,67.7879163296893,51.5041054785252,54.429235025309,21.8316163478885,19.0085955890827,22.2522043171339,86.2794825690798,83.7466240173671,93.6616207561456,179.133620974608,1.81391803920269,93.8889805995859,99.4142912968528,94.4423194620758,5.49139334866777
4.3610750446277,3.08888948773476,29.1125395707786,20.1411871891469,37.021428658627,26.7839839332737,84.4790396234021,35.2051694737747,43.8570908736438,18.6341675347649,5.24337471136823,3.63793106237426,7.03709070268087,7.49511245288886,17.280944744125,36.3911668548826,1.63729685498402,72.688052522717,2.0953356763348,90,1.76141613395885,90,30,7.45972522767261,61.325693083927,51.1402124864981,65.9033013274893,26.2655997031834,17.4982500816695,21.5545647675171,89.3025678105187,87.9436456935946,98.2903975152876,159.351134370081,1.8690405045636,92.4982129153796,99.5880265065935,90.3810518477112,9.22364095877856
5.12815581099668,3.49161984757085,12.243126668036,22.9825034877285,55.3429155377671,48.9197914022952,81.997715132311,43.0399924749509,29.1791519173421,21.7296591633931,5.42981223738752,2.41690970654599,15.5944797894917,7.05042136483826,16.3749918097164,39.666190193966,1.79190277960151,80.7034272281453,2.11557667562738,90,2.78937994362786,90,30,11.35201465711,61.5704958001152,69.4734493270516,55.0060543091968,32.1278692914639,29.7733508143574,26.4875460604671,83.5948627931066,94.8931820422877,96.7620510265697,172.002263523173,2.19741201587021,93.2890103943646,99.5656716977246,89.6802271306515,18.0970586491749
4.56693437212771,3.31001910421633,17.0883302809671,23.5875806678087,56.9165801536292,49.499096366344,78.6327856360003,49.5091058546677,64.57476797048,22.132260161452,2.16972155217081,10.1039294383954,12.7143817660399,5.86097091669217,18.1731590896379,41.2538824870717,1.88558459049091,72.8730072430335,1.94491827860475,90,2.30425538308918,90,30,7.43162321671844,64.1736347880214,69.0308701759204,55.482779648155,25.6648771266919,10.2482782574371,19.0081276595592,89.1559368534945,86.2563345790841,98.9753737342544,126.003911125008,1.47703993553296,91.2600459577516,99.3748767569195,88.7879596594721,16.5970917246304
4.61452968590648,3.36844333253689,29.9316793354228,25.9793609939516,50.6166550610214,34.9602036876604,82.9925043880939,49.2599367070943,72.4499258771539,22.1582645038143,2.2884432959836,4.13565905578434,19.148843476316,6.25008037313819,15.8128059480805,32.7023374987766,1.31712756352499,84.3353662802838,1.98829412693158,90,1.86225084541366,90,30,10.6945199626498,61.0078180488199,66.2648238660768,62.1342184906825,18.1931403453927,24.9554807557724,24.2041557691991,79.3153689452447,91.8201217497699,97.5287753804587,163.083991049789,2.76992455730215,93.1044943863526,99.8244332275353,90.2490497883409,24.8261869405396
4.31121017943288,3.12603426889412,27.5507454574108,24.4926866330206,45.1527689932846,29.6112632961012,88.071535397321,44.4257384166121,60.9658354986459,15.2179107093252,1.65131504624151,1.58226719731465,19.5965040093288,9.22032327041961,15.6783317914233,35.6601015175693,1.10687828203663,86.0376871470362,1.8758165743202,90,1.88109316118062,90,30,11.5355746191926,67.0017652865499,51.3767595682293,69.836635524407,17.8205552673899,22.6187216434628,35.4258763734251,80.0432854704559,89.3213914567605,94.4257275920827,157.000293049496,2.12658530008048,94.5340637210757,99.4598312296439,92.3869995232671,11.3212915356271
4.91430431016313,3.32798400553651,10.7897400530055,26.7347410228103,44.603255786933,31.1805078235921,89.3129065446556,49.7273841174319,48.9501429442316,18.9089605514891,9.1649782077875,1.24673087103292,1.99284346471541,5.39561381097883,18.389687120216,43.6958059470635,1.1937118335627,82.6395935076289,2.26817295141518,90,2.47559704910964,90,30,9.90544916270301,66.3518971856683,61.2986169289798,52.8462328901514,29.5596357614268,32.0118373930454,18.3155143472832,79.4605155789759,93.8708748959471,97.4699288953561,158.709245957434,1.34187172679231,92.5117035082076,99.1217316994444,91.2502940781415,24.2793251578696
5.07253897352721,3.24745185540067,23.3029376296327,21.5585608361289,57.1267662174068,38.4387476486154,82.5931265158579,38.6204060027376,19.2045908141881,22.8547210269608,7.47504801745526,2.14977165823802,1.92647685296834,8.20670778746717,15.9790312265977,38.7411367648747,2.71771648153663,82.8622163902037,2.08540753740817,90,2.60260900761932,90,30,8.68424296192825,63.2279765512794,62.8959996532649,63.412527856417,34.5029621596914,24.8131627608091,13.5536919943988,78.8620173011441,93.2584534911439,92.9628861858509,140.766445272602,2.43395112780854,92.4650272470899,99.0627266338561,94.3669635877013,24.8968042833731
4.48679955902662,3.49721899190638,28.1404347950593,21.069831722416,37.9544283798896,34.909473330481,82.3522912198678,41.5759012103081,76.8148547178134,18.6669591558166,2.37430785153992,12.0527399447747,11.3014378077351,9.73978030029684,19.6710159501527,41.3493194861803,1.96478343568742,71.5103518031538,1.47520998492837,90,2.86186502920464,90,30,8.6041483883746,68.9261098392308,69.2594861192629,67.8489554207772,29.0389824234881,14.5733205322176,30.4613805797417,89.7807825927157,80.7129206054378,93.4488719466608,161.324464085046,2.08586776256561,91.3399486278649,99.4818069678731,89.3896933458745,13.9732719329186
4.58247251247212,3.38322467663018,13.2553377887234,20.0024231337011,34.0798448072746,42.7602718002163,72.1650683507323,45.4872859781608,16.5298774419352,24.8604913637973,9.73952758125961,1.83460184582509,12.4729978232644,7.93224325869232,15.1938161836006,43.8355512858834,1.79793516825885,72.7478544565383,1.35729856835678,90,2.38865359826013,90,30,11.0641738479026,65.5270273657516,50.0313124619424,57.3416096996516,32.3949675208423,10.3926440812647,11.4459413292352,79.0790480549913,86.4042134024203,97.9124125584494,183.519017656799,2.27383304992691,92.7191236708313,99.18748543947,94.9580575171858,28.6124675204046
4.74385427900499,3.09520103746748,18.2837628107518,22.8905952395871,38.1868848949671,25.3460355568677,73.2516653509811,46.7289127549157,41.4653015183285,18.2015410321765,5.38341676257551,1.37511645886116,2.28704747790471,8.94915094715543,17.2557825851254,39.6873979002703,2.67599788680673,91.951202058699,2.11606130283326,90,1.98954239953309,90,30,6.63592221960425,51.5291543817148,69.9456444848329,56.4676646282896,33.9100974539761,34.3194697275758,12.1909883935004,88.3371814351995,87.6214807701763,95.9503413834609,97.1500429953448,1.10954533936456,94.2979549698066,99.8393441154622,90.9074594862759,23.0573181170039
4.56948222029187,3.2033975078937,26.044796295464,20.9036170179024,34.1171210026368,32.8544597374275,87.7413946250454,31.9077593553811,85.5156170530245,18.1051676324569,9.56891355034895,1.57319147628732,5.89961484097876,8.5084734542761,17.6792535372078,33.2165071985219,1.78709167661145,90.7766720792279,2.70189729612321,90,2.52561386255547,90,30,9.33758178027347,60.2502501662821,55.7010500784963,51.619853163138,23.2589904014021,23.9205651283264,31.0668866571505,83.0547043355182,84.4038009468932,96.0818875536788,168.790810275823,2.77092733047903,91.3693612942006,99.0312170875259,94.446488076821,4.43695376999676
4.32410209854096,3.32555664364795,21.0629023890942,20.0012944173068,54.8942402726971,43.8488128886092,78.751695882529,48.090958292596,1.38379215728492,19.9664504849352,9.75045932433568,7.51061690459028,8.31771906022914,7.85552851390094,19.989154265495,38.3534324273933,2.05094144120812,83.2310729997698,2.66816330654547,90,2.65519108204171,90,30,11.4794744323008,61.4742677798495,51.2731360225007,52.6330359280109,14.9153651688248,14.596122966148,26.1221466250718,87.0609648164827,86.6518868156709,93.7600201615132,162.096502005588,1.65665272483602,92.6501477300189,99.2641879944131,93.0299130622298,28.9885862269439
5.3156206152641,3.49577472890672,28.7625989457592,22.7332984935492,33.8957577408291,27.239496394759,77.3567145038396,37.5498746335506,72.9348753439263,19.9262552708387,1.08105184067972,5.81332300091162,4.79992431704886,6.42749512568116,17.8306054288987,37.1688226726837,1.79810002725571,86.2372355523985,2.95766311418265,90,2.93986924225464,90,30,8.09556831791997,51.0324570955709,66.3468539342284,50.0308050308377,18.2928669909015,29.7458054237068,22.8937877996359,79.8779597959947,91.4497827738523,95.8505975245498,123.815116840415,2.67036514542997,93.4658223739825,99.7482728140894,90.8323657307774,17.0482357852161
4.70088666418587,3.12322310516701,19.0833863290027,22.7068905625492,33.5542264021933,30.1365427090786,89.0509293694049,36.747796270065,55.6630362547003,16.0761386831291,2.54307130700909,3.49475607159548,7.3355748844333,5.29366052127443,17.6746477128472,39.8528061923571,1.10129115171731,77.4046009103768,2.32071516709402,90,2.6092690131627,90,30,8.22107204189524,51.6153734223917,59.8863838333637,60.7917637377977,21.2705415836535,13.6966163697653,26.258608275326,87.8911961987615,88.2524549483787,96.2997670192271,174.635969859082,2.80139818182215,93.6887625209056,99.0046474130359,94.0446578804404,13.8157213632949
4.30183923189977,3.18087651203848,25.0541911460459,22.1144651994109,42.2597288014367,28.6435755086131,76.0055405693129,49.8979465849698,36.9161368114874,15.0675402395427,6.04173208936118,3.29757844493724,11.4386929993052,8.06643923278898,19.3264508666471,34.2252543114591,1.15285803098232,77.6998187287245,1.56107972422615,90,2.67721281247213,90,30,7.58205513842404,61.1496769450605,66.6476604202762,63.3222538698465,24.255261230981,34.7845830619335,33.6016369706485,82.2791282495018,85.6988869339693,94.7246126946993,191.002664815169,2.06304734293371,93.957048804732,99.1336270764004,89.6765340883285,22.1931771230884
4.32503691924776,3.17616858588565,19.6982970135286,21.1866078944877,58.3897714409977,49.6266639500391,75.5436611035839,48.5712898336351,16.8392573017627,21.2823969940655,9.47302592126653,1.76487741526216,14.4374069706537,6.73211145331152,16.4781558967661,40.8429631730542,2.22524906275794,86.8934810324572,2.08518803399056,90,2.35754788294435,90,30,9.23122708266601,54.0968132112175,55.1706050895154,65.7966482779011,25.1817411244847,19.8540249397047,34.6669010017067,86.4058326312806,90.9671634377446,97.7807295571547,178.253907370381,1.55710297822952,92.5111480371561,99.4683880016673,92.7831845711917,25.2330694384873
4.08692838611696,3.1800144180364,29.4467013096437,24.2923136521131,56.4520569867454,33.4023404400796,88.7365430453792,46.876802816987,79.9373078998178,21.1163998907432,3.1942572593689,5.23950838623568,18.5503474392463,6.2321385811083,16.2931889866013,37.8835970268119,2.62272267369553,82.2889198071789,2.28567112702876,90,1.50624880706891,90,30,6.86035587871447,60.2175263315439,53.5624342272058,65.4699715226889,19.0798496715724,34.3290860233828,21.4568896873388,80.613573276205,85.3006667445879,96.5746649536304,98.8180818920955,1.45199534157291,92.2029131033923,99.7888472417835,87.2334168273956,14.5693451105617
4.07233115902782,3.21346608539892,27.0093225734308,20.6180415861309,56.765356042888,33.4132596617565,87.6497232355177,40.4441130161285,64.1539936652407,22.3295788816176,4.80449915188365,9.03385666734539,12.7166958111338,8.75575723825023,16.9588978914544,30.4870491300244,1.99973892327398,90.0346019875724,2.42292190436274,90,1.10359853086993,90,30,10.0524241053499,57.1507947193459,60.1797780487686,64.523200285621,31.8547136115376,27.3139352868311,20.8960214992985,76.4685331913643,90.3614155924879,94.1340156046208,101.746505904011,2.71369415381923,94.8157763143536,99.5036272746511,92.2205202132463,25.567837073002
4.46047284734032,3.29775909484621,26.3475334644318,21.1918516270816,33.138258587569,45.5992975796107,79.6491270326078,36.3408598955721,83.9453989430331,18.7624534149654,1.6203109479975,7.28017967287451,18.3601088512223,7.96238964423537,18.6473824852146,40.5409007670823,1.30798094393685,87.6842395565473,2.39163877582178,90,1.59085119655356,90,30,6.59035913413391,58.5669536981732,57.640535896644,58.9595944480971,17.784080799669,22.7709604543634,26.5043250473682,81.5837250777986,88.900679970393,94.6000188437756,156.581214317121,1.18553126230836,92.299322570907,99.8203715696,92.7867510281503,16.8096589432098
4.61179816330241,3.35549796684001,24.7221190389246,21.7764777038246,39.4294398953207,46.7388533172198,80.5445368867368,42.877718443051,41.4047879073769,22.5833380175754,2.22926441091113,9.14172017900273,13.8058830108494,5.02225029980764,16.4050160220359,41.2049821182154,1.10632455255836,85.7831997610629,2.51758545264602,90,2.1137374304235,90,30,8.24211573321372,69.4851897237822,63.2322612311691,50.3966959286481,18.894922623178,29.7475481815636,28.7725835237652,82.9205181717407,94.8843541380484,94.1734119877219,176.071574450471,1.46762136975303,93.0941054539289,99.5528817716986,89.8160155974329,24.2065231627785
4.63766430162714,3.10909368382284,28.4251955570653,24.2773259663954,49.6916674054228,44.5425761747174,82.1265621110797,42.9104968672618,86.403859150596,17.4629031051882,3.96778246131726,3.77738769166172,11.9838667605072,7.53980318200774,19.206646354869,34.6286109415814,1.45396463247016,79.4032280379906,1.7112645781599,90,1.07778262486681,90,30,8.29739096481353,68.0439885659143,67.320449561812,61.1030396865681,28.5378637625836,21.1102266721427,31.1806669414509,88.4747112274636,91.1420520220418,95.87543014111,123.327707252465,1.22249667905271,93.4445537661668,99.2216770809609,92.7577913925052,16.0252248160541
4.01488145887642,3.19624916117681,17.0933402748778,20.3818795457482,32.3266435484402,32.0495012856554,75.4565230105072,45.9749337146059,60.4815603559837,17.4571510474198,2.51936866156757,11.3112197236624,12.3962836707942,8.69795464444906,15.6315473024733,33.0364579707384,2.1252607582137,82.0159802259877,2.27360750269145,90,2.88563752966002,90,30,11.2899503926747,61.9352930458263,54.5028147660196,61.9705104175955,23.6098446641117,35.1947058504447,34.4094533836469,85.9053701581433,83.0050677573308,94.0704603376798,105.137425453868,1.39348735520616,90.5918088741601,99.3188131949864,87.4468399956822,6.895691906102
4.89608917490286,3.47435491188213,15.4075242299587,24.0802999678999,50.6734138238244,49.5686088863295,83.0918178102002,47.6820256747305,72.3715858650394,16.0491982963867,6.15831631375477,8.72727406653576,9.16191398398951,8.51492130197585,18.2313135731965,36.2061438686214,1.37191793695092,72.7746827341616,2.94506321148947,90,1.01082538906485,90,30,10.2556976289488,66.1180240521207,64.9521967861801,54.0945789311081,23.4701170411427,29.3097904333845,29.8269080303144,78.6053062370047,89.1943768458441,92.1608290360309,105.954848874826,2.85350601328537,94.4419418729376,99.9227941930294,88.0182166155428,28.3829973824322
4.31758079170523,3.12329682062259,28.978136931546,23.4290779568255,31.0160666448064,35.0650554872118,88.8159862440079,41.126560177654,69.3119543977082,24.1081926133484,8.80918426951393,5.7930300545413,4.13938541105017,8.45884483074769,16.0306346940342,31.2398108630441,2.64511968940496,72.3032173572574,1.84591515129432,90,1.64928404288366,90,30,9.22682063793764,54.6389429457486,58.9582430524752,57.6162156555802,15.7220635190606,20.0783377219923,17.8962790770456,76.6452933428809,91.5382154495455,92.8579887019005,173.99235872319,1.74988604569808,90.0875133799855,99.4756216090173,94.5748776365072,26.2668818463571
4.62518608858153,3.24143384495424,11.3315128488466,21.6427020682022,33.4340843302198,49.1395850200206,87.1753818076104,40.2026259340346,50.8651534700766,17.3632620926946,9.97994092176668,7.30632431432605,2.35515219368972,8.6086539120879,17.9811490245629,36.9604198797606,2.83948730397969,93.1111138826236,2.72909859428182,90,1.14904651138932,90,30,8.11243957467377,54.0122631145641,59.6412796759978,52.8595066582784,27.3591725220904,14.7304694820195,28.8191710379906,85.3629803890362,92.8219620906748,97.4498489873949,197.351331398822,2.32959603890777,91.8471997522283,99.6193282329477,89.5668140631169,6.10045923991129
4.66343945182307,3.31754412301845,28.7579662771896,23.7578792311251,38.0346226575784,46.7579763615504,83.3072487823665,45.9033253137022,73.9926627650857,16.0069448361173,7.01141987857409,5.71098601422273,9.54872508277185,8.07877258164808,17.9103292885702,40.1107501471415,1.84145352151245,71.9171444640961,2.56622695550323,90,1.64170420914888,90,30,8.23578274436295,67.5879878364503,66.6098136547953,51.6943071130663,24.8049989137799,10.2114288518205,13.5594843260478,88.5456435650121,81.2843584956136,92.6753183733672,148.653336523566,1.46603988716379,93.5564590920694,99.7964597451501,90.7960631921887,19.7225553952157
4.23769318952963,3.45554542851926,16.1832287628204,20.7285038894042,38.6649038549513,29.4448332337197,88.7606534222141,46.697361683473,4.37663607532158,15.0435514259152,4.72435525571927,12.7883649363648,10.1670298036188,5.76711169793271,15.2606139658019,30.0712671142537,2.05426573194563,80.1271483756136,2.95587313035503,90,1.1213149651885,90,30,8.76922502042726,59.9799728533253,58.3176974346861,56.8918403144926,20.1749933995306,16.9430753183551,27.6189519513864,85.0053135305643,89.1666244796943,97.3828740697354,143.448705722112,1.39513818640262,92.691073785536,99.8978863167576,92.777033245191,7.8914809525013
4.52471590257602,3.49719183005708,10.3826893214136,21.0544669767842,50.2898039412685,28.2695536094252,87.8970235865563,42.8761644521728,37.4595580995083,16.2527384306304,8.07804600405507,5.14258176926523,10.5787955154665,7.69908453687094,16.1159142327961,36.6206104983576,2.45055835694075,75.9458614850882,1.19408167758957,90,1.17123638140038,90,30,9.13133877329528,59.3764680903405,63.0425765644759,63.275460107252,25.6644100577105,30.3499962142669,18.949242106406,76.6616066952702,83.1286322372034,95.6612452547997,148.678226678167,2.45441533438861,92.7944935159758,99.9623054566327,94.8774523269385,12.3404267500155
4.84975466732749,3.4956191237289,29.1563260834664,23.6280158348382,43.1614261795767,37.9967807093635,80.9980448195711,49.2351556150243,19.7598007251509,18.8836707407609,1.9937914039474,7.09213611250743,15.0297399933916,5.17889936338179,16.8678525753785,36.5475029696245,1.49706592736766,89.1893346840516,1.86470871185884,90,1.01589716318995,90,30,8.47961124312133,65.2169000171125,59.7902961401269,61.4871749142185,28.116441460792,10.9518502010033,14.2666957238689,83.3612106239889,93.2100225018803,92.1405250758398,130.922241555527,1.75290443655103,91.3500710588414,99.5728885773569,92.9624346084893,26.2676887363195
4.60824979852087,3.42868800061589,24.0767437359318,21.0079385433346,52.4358460167423,38.6000200698618,73.3538794983178,46.2497748574242,52.1726423338987,22.1805103449151,2.25520337116905,10.0009570505936,11.5043217153288,9.51048189890571,16.6687109915074,41.6429923684336,2.13494327105582,83.8687006314285,1.49745759973302,90,2.0288638365455,90,30,6.46350344549865,54.3931601848453,58.2826623599976,51.7149518057704,24.9326078449376,33.2854286753573,17.4426603319589,89.4255741499364,90.3999765205663,97.3401280543767,191.120751239359,2.00161145022139,91.0252522781957,99.7812554740813,87.4858667198569,11.0580841642804
4.42748528146923,3.16398412353288,10.6076509645209,23.1110291462392,31.3528186432086,46.3370125391521,87.9103811830282,45.000074589625,42.7784955035895,22.3125144373626,5.5800386487972,10.4618983264081,2.49173654522747,6.88379980972968,18.7527890177444,44.3243866728153,1.76709466008469,77.6884250156581,1.35232863202691,90,1.41138509241864,90,30,10.9622498522513,55.7408132171258,66.5682622697204,65.0332605093718,19.2848898048978,31.5555087234825,27.7215810390189,78.5279155627359,89.9102558649611,93.068878836697,108.460453639273,1.46158181549981,92.5422708969563,99.9454476332758,90.3888400755823,26.2429746673442
4.62789490598161,3.32566743327902,22.3142042290419,20.900187981315,47.6534953457303,44.9831149133388,81.7214868962765,42.1484281076118,43.3106443681754,19.7038754937239,1.98387471563183,15.0319598340429,4.06602660892531,5.57927076355554,15.8089813764673,37.0612638734747,2.76531490497291,89.1628039465286,1.89450589101762,90,1.5264454013668,90,30,9.67218453297392,62.1516744233668,69.0651889052242,63.6659338558093,21.8625731114298,14.7067706980743,28.1126570901833,76.4412846404593,92.9373936727643,96.4385474650189,138.115613202099,2.62379365228117,90.4676582093816,99.3706640852615,92.6806673929095,14.4459608593024
4.27503330723675,3.10499344210832,20.3591295098886,23.7910296581686,36.9775124732405,40.8424732100684,87.3765550926328,42.9182732105255,57.003713012673,23.3311722031794,5.16463878005743,5.12687482964247,13.5994791174307,8.20064554689452,15.7694539579097,31.6491928137839,1.16433007689193,79.5658941485453,1.61027434747666,90,1.63936720089987,90,30,8.25524140940979,69.6526151616126,55.3934401692823,67.4409456690773,15.413473265944,15.6825118907727,27.8786393245682,83.3999584300909,90.6053453928325,92.9750035519246,148.681123144925,1.84538290044293,92.9330011154525,99.262140103383,88.2175319939852,23.1112248087302
4.63993762254805,3.17999032170138,17.0880907448009,21.8382237665355,32.0568019500934,47.8709935036022,75.7213900145143,44.0193369425833,39.4438832974993,15.3932646056637,2.22453756234609,6.43627842189744,11.5037185591646,6.35874024825171,18.2120255555492,44.8825813620351,1.93667755182832,94.2704343691003,2.6695269937627,90,2.47257801750675,90,30,10.1291744266637,65.8832513121888,63.78726859577,51.7288882890716,23.4809609523509,31.4563147416338,28.7522351790685,84.6443513478152,91.7242965358309,97.8022273287643,128.415483306162,2.2825779132545,93.4813198831398,99.1181856396142,88.5392382256687,12.7938193948939
5.14566519468317,3.46468770918844,20.4718491062522,23.1590174604207,41.951253216248,40.4357111547142,77.0615387987345,49.0455206483603,11.3733273628168,23.1783986650407,8.63006560131907,1.22780090523884,7.00861994363368,5.0843900127802,18.8355624570977,41.572366822511,2.8164222673513,90.2622423414141,1.87031093565747,90,2.11290235770866,90,30,7.46334607293829,62.6722432300448,57.107117222622,62.8344367118552,24.7973289380316,29.2998090088367,32.6697548574302,89.3711080856156,83.696337955771,96.0020711482503,152.07531920867,1.85915230447426,91.9423737504985,99.3583641785663,87.6003876887262,12.2175380219705
4.67155865814393,3.10170266216574,12.4097795598209,22.0770499343053,46.5319937537424,49.2413434374612,88.1928019458428,35.7489778380841,74.5627102162689,16.4486576523632,4.12477152212523,8.95768778142519,5.68064126139507,7.64853394823149,15.2761701704003,31.1844601866324,2.69652281701565,91.2489129509777,1.14957505464554,90,2.24512577522546,90,30,11.0614481214434,62.0494680712,64.9786806060001,52.3646585503593,27.844689401798,10.5665836562403,29.1882417178713,78.3168817148544,89.3367052392568,92.6824208865874,103.087720889598,1.70335999364033,91.4998572994955,99.5346126195509,88.2828851472586,26.6039614886977
4.66566626013281,3.38715879201394,14.9462548131123,27.8234575781971,32.1989309764467,44.1075492068194,88.8870638376102,47.4311699764803,71.7001418187283,24.8427798086777,4.60075569688343,2.33743393723853,19.258214635076,6.05278120259754,18.5260545043275,43.2060475798789,2.15822335798293,93.0230472283438,1.94107991456985,90,1.48676325846463,90,30,9.18988507054746,53.9913291903213,56.795753496699,52.6313880970702,33.6050241049379,12.2892342917621,34.9096956851427,80.9819117782172,82.1748807886615,95.124804752646,139.508524585981,2.23314460320398,90.1365575613454,99.7137329480611,90.2839652486145,16.3790389788337
4.24351674236405,3.44131648378264,12.3370989318937,20.062038237229,52.6335135893896,27.3903198423795,86.3489238359034,40.6150724180043,59.8318432923406,20.9194037830457,8.82875489653088,5.42939534108154,13.4782282763626,7.96939958701842,16.9252415420488,30.7625684514642,2.58503698324785,74.3707116274163,2.64326745830476,90,1.19028933998197,90,30,11.4032459445298,56.8633870268241,55.1618265453726,58.9999331068248,34.702872291673,28.2266774913296,21.9490002738312,79.1385903430637,83.4786280058324,94.6372224418446,91.7098157037981,1.35670932475477,92.3738165560644,99.7880456694402,89.5658526495099,11.6004214766435
4.7567459336673,3.47700302297721,21.2534521706402,20.6811532797292,42.4596307240427,31.6491369623691,83.9687762921676,36.164840538986,79.7154380427673,20.4199175094254,1.68227737955749,12.4177303130273,4.54784326627851,8.09328000992537,18.6504101927858,41.4265710103791,2.2744397521019,86.0328131169081,2.92765866126865,90,2.90131541807204,90,30,9.10137239238247,52.6296876464039,60.6901583867148,56.5152222849429,33.7465880562086,29.7392832059413,31.0353771680966,85.2623387379572,83.6690537643153,93.0694387285039,114.214616355021,1.55689385486767,90.9994177450426,99.9999582981691,90.7560205459595,13.3808408896439
4.46645363803463,3.05778582172447,22.6410033553839,20.4666954046115,39.5555495540611,46.4765888405964,84.4805756956339,37.7441588370129,14.585220690351,16.629588578362,3.07364939455874,6.82783910119906,8.96154306340031,5.19883670611307,19.3519206740893,42.0685303676873,1.08383218757808,85.7796604908071,2.48474373016506,90,1.02124646073207,90,30,8.59255895437673,65.8075261488557,67.629965422675,65.2050969004631,20.4135525624733,13.4723978359252,27.153223317815,77.9488970059901,81.5746171807405,98.1630615585018,90.3615105175413,1.47794039780274,94.2630970221944,99.1347467589658,93.3697904646397,26.6675737001933
4.27947252665891,3.16045748434512,15.0596615858376,21.808405239135,49.1870911675505,44.9008098803461,73.5152670415118,46.9805188151076,82.667335588485,16.9745016377419,3.47808580310084,9.08430401119404,13.2198144043796,5.12435554643162,18.2490012724884,32.7864906331524,2.07901140069589,75.7101027865428,1.49935161275789,90,1.55420133983716,90,30,11.8406647774391,68.5234104469419,57.4097799463198,69.3198844837025,12.8296949160285,30.5889429068193,13.0222093793564,85.3082420735154,84.5783456985373,93.8016585174482,91.0457992460579,2.5177223677747,94.8565357422922,99.9054193375632,94.2730111349374,18.5463425302878
4.82586455700629,3.30972194317381,13.193158027716,20.5024554533884,33.5427867458202,40.3675508918241,83.5487170610577,36.5480805700645,14.4349745940417,18.5273123322986,7.9200659529306,1.90014746994711,10.2118868094403,5.76816322398372,19.4216431316454,32.0925972308032,2.0985332261771,79.203282132512,2.57597217988223,90,2.29089855542406,90,30,7.03280669124797,54.4535421300679,54.8237383179367,60.3904742421582,26.7110994807445,31.181485184934,15.1315286478493,88.8980047276709,90.3169449896086,95.9995973408222,109.996982142329,1.80258655222133,94.0715478279162,99.2261391757056,91.3951373398304,28.1667874604464
4.75776285152016,3.22282201528627,15.4634513659403,20.6899159774184,55.2081039617769,36.8756194948219,75.6806712644175,38.44619395677,32.2485076915473,20.087208955083,3.19672576338053,4.56026698090136,10.931973562343,6.94089697673917,16.7402786121238,30.5488348274957,1.49774639680982,88.2232672173996,1.07042863406241,90,2.37458801083267,90,30,11.18065053178,51.8489761883393,67.4350898107514,50.3567696548998,31.1279485370032,28.2640221356414,35.7456233308185,88.3751047973055,89.0699611103628,96.0156868777703,148.583744845819,2.84728861087933,91.8798429134768,99.0409604287706,87.9816727619618,26.7896899771877
4.17878193357956,3.31201874759395,18.4300431236625,20.2757122041658,33.6388474493288,46.7788811947685,81.1178820580244,46.7822929518297,10.6557309231721,16.3057543919422,9.95495129795745,4.28349743410945,16.3582931126002,5.13319092337042,16.1893394612707,39.1508302674629,1.70439158566296,89.1535635094624,1.9278782880865,90,1.69912065565586,90,30,6.98685557954013,51.7621778976172,69.7961682453752,67.2165525099263,23.5111006500665,16.8796013467945,21.3521309443749,82.295849674847,84.5259290339891,93.5065780098084,165.986782817636,2.92082534311339,92.4463746196125,99.3771403143182,89.0965537056327,13.0795751065016
4.68621225001971,3.09323317849627,22.369786943309,22.0681922044605,41.5653708740138,45.5519587441813,71.3767458824441,49.090702617541,14.9682837445289,17.7708247303963,4.52088518068194,5.84094507060945,5.28495422843844,9.62137702153996,18.0895777023397,40.7547569449525,2.413984938059,91.6822745685931,2.60951432678849,90,1.43390089459717,90,30,11.3541259816848,56.2858267640695,62.7193997753784,59.3111303728074,15.4245564322919,16.5874471468851,19.2503614481539,86.7269383126404,84.2526897054631,92.8215112139005,146.016277659219,2.48774543823674,90.8237200893927,99.1727785589173,94.1948435399681,21.7191591537558
4.88535060741761,3.29512576992978,27.8717631381005,20.7695228094235,36.2191982986405,49.5758696750272,76.6083203302696,38.3304717391729,34.6366930590011,24.5909327478148,9.45532932016067,3.82178756594658,6.25680125923827,8.93340294947848,15.6856986088678,35.9227894863579,2.73620343348011,87.8504374693148,2.33225861005485,90,1.4525515162386,90,30,11.6292423731647,66.7458447441459,66.8575218785554,61.4574168296531,31.3890078733675,25.3077388717793,30.0202262368985,87.8057281253859,88.3717355213594,95.8266457901336,134.358510724269,2.53051138250157,93.2489167212043,99.8460604958236,92.8987548798323,26.7880998607725
4.80954350027487,3.20639590630325,12.2888565110043,20.6128623336554,50.0213490799069,49.4489099946804,75.2821098640561,33.42788615264,79.713848226238,24.8337853746489,3.28129836800508,8.87579683051445,5.13857011101209,8.33117908798158,18.31334845745,41.3506747141946,2.9019131809473,83.3076721627731,2.85226652817801,90,1.52121687820181,90,30,7.05875258892775,63.4797721449286,52.5067627569661,52.9919092170894,27.9262061028276,10.3529790146276,21.9853080008179,89.0061258757487,91.9067987205926,96.4583672089502,91.8332748813555,2.146309658885,91.5746592043433,99.2036005265545,93.2079545427114,5.29583516297862
4.86082985955899,3.40779980161804,22.9157185740769,21.437430428341,38.2359444745816,33.5251146869268,84.1203444683924,36.3375611323863,62.2855376964435,24.2203002423048,6.00856651621871,6.69931347854435,3.67007709527388,8.53225016733631,16.1216891615186,38.9244413701817,2.03245536098257,80.9741442836821,2.34471938898787,90,1.30116123240441,90,30,6.59309186367318,63.7199101224542,58.2269725669175,55.8623814210296,23.096533074975,21.5415754835121,21.9463656088337,77.1356903726701,85.1162087684497,94.913985659834,176.185139545705,2.67867207713425,90.4724620084744,99.1066741805989,90.4986127726734,7.95337747177109
4.11680307193099,3.07364685503702,16.2593192979693,21.0881778504699,43.9643689524382,35.5669722601306,84.3055357318372,41.6462948033586,88.1433458346874,16.81799874641,1.29371516196989,15.8563680558,2.17239958746359,7.65037054894492,19.1883207682986,34.6567178203259,1.79797779023647,72.4931416497566,2.93403492914513,90,1.35296384710819,90,30,7.83380685467273,59.7544829081744,62.3789924988523,59.7603591484949,32.1754085125867,12.7535505974665,18.6026998169255,81.6295264370274,90.3433181415312,97.2796269017272,152.823856724426,1.37377293873578,91.5577710256912,99.9386183538008,92.4603850077838,15.6297058938071
4.49145009454224,3.05833242587884,27.3082383628935,22.7637948701158,58.6782416864298,43.1381348171271,85.3590255510062,41.184143004939,57.2505730739795,17.6479301718064,4.36834198818542,2.10275518312119,12.4187869422603,6.01445258944295,15.8396489091683,44.3875180534087,2.01063061598688,86.1264241847675,1.08205474168062,90,2.44726464245468,90,30,11.1690527228639,62.2897072602063,63.5786729305983,53.7424976937473,28.1091931974515,28.6228276826441,35.9838150630239,81.1993191135116,80.0335600436665,98.9514025822282,178.098677620292,2.52131043560803,93.4555854380596,99.8441810405347,91.9634291194379,20.8135794983245
4.37941612828271,3.19550723902599,16.1922784242779,20.7044882467017,41.4914057753049,34.6125337295234,73.8561823731288,43.2435958972201,40.6716923019849,21.3030337449163,3.8506734019611,4.29154651029967,13.404957936611,8.68545702542178,15.1073655672371,42.3275046574418,2.0212679519318,79.9817161390092,1.00243855081499,90,1.53902736539021,90,30,11.2219276567921,66.5224225446582,67.7564440853894,52.6337455492467,12.737196599599,15.0154870119877,21.4634648130741,85.1324411400128,90.3656870767009,96.3872181179468,98.8499793689698,2.01183607848361,94.5283527846914,99.7696671055164,87.6242430042475,20.5195560203865
4.82044642651518,3.27469074464918,11.5297828288749,21.7752669379115,32.976349380333,36.4362774998881,76.3244230626151,45.8588523231447,13.4540862310678,17.94805604266,3.3172607475426,9.00812473823316,3.98854259448126,7.62829187675379,15.1527986850124,30.2560549532063,2.68486745283008,71.3401717180386,1.20220241276547,90,1.91078818729147,90,30,10.2630257466808,58.3944432670251,69.1833783173934,52.5779832154512,29.0307835077401,27.0172638748772,22.0860000248067,80.7988472899888,91.5698403981514,92.6845154101029,102.375139663927,1.13556076446548,90.3735233470798,99.452667390462,94.2220856845379,5.99607687164098
4.8012932443622,3.38690955570101,22.741958219558,20.1014868495986,35.6695315847173,27.7146511944011,80.672801095061,35.1196938566864,45.2108425833285,18.6620980873704,8.07635257253423,1.21760397660546,7.83646428072825,8.44403251772746,19.7401585127227,33.0629006645177,1.47008244367316,82.6037020527292,1.67431457201019,90,1.95834462344646,90,30,8.60764944367111,50.5415116017684,68.4431037399918,56.5193794993684,13.5891803107224,22.5120440963656,17.2056409136858,79.4829722796567,81.4316044608131,97.3541730151046,139.361422988586,1.35058177448809,93.4412228059955,99.5351683746558,92.9937073364854,22.6151422541589
4.66154305602777,3.19956997238722,21.3666901178658,24.1967628570274,36.1865815892816,44.4148376642261,79.4337454251945,48.1687908852473,51.190845540259,24.7142922086641,4.07075579301454,10.2713413101155,3.13253054954112,7.01633397373371,16.1205102247186,37.7077144535724,1.55911834957078,94.653287907131,1.04388611856848,90,1.8876706729643,90,30,11.092458402738,52.6881165010855,68.2881768699735,50.8006755588576,21.963667048607,21.2475804453716,32.5346420474816,79.9685075576417,82.2992488800082,95.0611374978907,95.8416243176907,1.19996599806473,94.0803110785782,99.1572677018121,88.2213743682951,6.3114466695115
4.24453729758006,3.17518702750221,13.2739692321047,23.174257283099,51.8664775276557,38.3688364352565,87.2439077682793,49.9587884917855,35.8571056625806,16.438290188089,6.15924003510736,10.0281334419269,4.17960458109155,6.64027476683259,19.0377458371222,40.6774318276439,1.63593220571056,93.1538695981726,1.804415196646,90,1.33652193332091,90,30,9.89078229898587,50.2171189570799,64.4884661957622,69.751775120385,34.3301327812951,11.2282056575641,32.4204585063271,76.3498920213897,93.8589141785633,92.9752340191044,125.386222410016,2.96007555630058,90.834797245916,99.0757786047179,93.8376160580665,28.858975276351
4.24064599576813,3.12730404620135,13.4958255104721,21.7563861608505,43.2374146487564,44.3548455019481,72.4600369064137,48.395453915,68.3483173535205,19.1791980224662,2.86388589954004,9.8755202498287,10.5169201397803,7.72148748161271,18.0864991818089,40.0963571271859,2.74461963027716,71.2704561697319,2.29389649769291,90,1.82399681629613,90,30,8.3271820214577,69.1604745574296,50.3641338041052,51.9734214898199,17.0637078713626,25.8867008499801,23.3614834679756,81.7174089839682,92.9851186578162,96.7772783101536,172.838964059483,2.17895928164944,94.4697782187723,99.8807805681136,94.9186882358044,28.9675421873108
4.87926862825243,3.39286773832005,19.3133184732869,21.35343153961,38.4557870635763,38.3510641637258,73.4291179385036,44.1751347156242,17.7207715809345,15.4090417525731,1.1491357665509,5.21078239264898,15.5459821480326,5.06508098682389,15.3593676700257,38.295271609677,1.34200999652967,74.0141665493138,2.42314073396847,90,1.12437752867118,90,30,8.28615307481959,52.4625427182764,55.523473774083,63.1553911603987,23.8672131320927,26.2000303859822,32.7600842763204,83.694227070082,83.6949716741219,95.7018410868477,133.713218867779,2.68539267266169,91.5253757755272,99.8259757249616,88.859996823594,6.75783215509728
4.71640860793369,3.44725093980226,19.654694031924,23.4490101691335,42.8763662232086,41.2377298111096,86.0386052029207,44.7766850842163,72.2226385655813,23.9391618780792,1.86641413602047,16.7815358187072,1.46700512664393,8.19548625615425,18.7611788499635,39.5096306700725,1.07494283653796,75.71505127009,2.65092420158908,90,1.63223723554984,90,30,9.76903071021661,51.3732618931681,51.068041305989,56.5551661420614,23.301760745002,11.3309778114781,27.6446314542554,81.4527142513543,92.3368579952512,92.4417450360488,174.127246385906,1.08664696989581,93.2063353771809,99.3767514836509,91.3731288537383,14.8338445373811
4.90415588746045,3.41353505161942,16.3354862993583,23.5259085474536,58.4799797320738,38.5515043395571,76.2000577617437,49.0074205165729,41.7323264689185,22.2456246451475,3.27723460551351,6.23637517914176,11.7758617498912,8.23481834959239,17.2604130383115,32.2262826212682,2.76122061954811,89.5675978262443,2.51361673837528,90,1.64940865105018,90,30,6.26525340182707,53.4908208018169,52.7745659090579,65.3394693974406,16.8868764212821,17.610240961425,18.046046043979,86.393747816328,92.0970166742336,93.4603533966001,166.195503810886,2.20493335742503,93.0759249744006,99.5692959586158,90.1672664284706,8.84766951203346
4.60989356947312,3.28295345925874,29.4726818287745,20.6498163891956,57.4694552016445,42.7372902981006,72.1371476864442,41.6025310475379,75.17624740256,22.4801895581186,2.52405621577054,11.8836808025371,7.71401010011323,6.7351841845084,15.4163362213876,30.9882463607937,2.36907615885139,72.21282991115,1.01963727083057,90,2.45785983139649,90,30,9.12535192910582,52.4397500185296,61.1109160911292,67.893033134751,19.6765423149336,26.8108186102472,34.9032965095248,85.2279697917402,81.6459226456936,93.0584476767108,142.517348683905,2.05165506387129,90.4360582493246,99.7859577792697,92.6813420914114,13.9857867574319
4.50220372590637,3.31927096265684,27.8528332291171,21.275881244801,36.9331696000881,28.2818048552144,76.4748919336125,40.7120912242681,87.9267188161612,21.8911961838603,2.18494122545235,13.4974750159308,2.17975747864693,7.07858620677143,16.2256865773816,32.8690916101914,1.97289810050279,72.3521959432401,2.75936821242794,90,1.3532879515551,90,30,7.93381658149883,68.9610104355961,59.8481141915545,67.8685368550941,32.3576008079108,20.2905969275162,16.2092397352681,85.0512596068438,83.6224709288217,94.7052043240983,105.705490421969,2.25091979186982,92.1824326389469,99.4340942660347,89.6255403384566,13.8613487747498
5.35490237678422,3.4697035226766,15.5861554527655,23.4140855260193,40.5094393598847,35.6457728892565,84.9470300925896,35.1431987853721,78.9740103227086,20.3061429201625,2.03366327495314,4.29890168085694,8.06900593661703,6.27602691063657,15.3041871648747,38.8979804352857,2.52887632092461,93.5026033304166,2.71510197967291,90,2.66731943748891,90,30,9.70581180229783,69.640874536708,61.7541279178113,68.3815293386579,22.8705534304027,28.2045375206508,24.7454129697289,77.6813345099799,87.5225739215966,93.8781554079615,129.494936456904,2.71642175409943,94.373594080098,99.2937543585431,94.9490517005324,18.8292378024198
4.53317503549024,3.25568176003034,17.244271482341,23.1287518655881,46.1887103598565,42.462124483427,77.6704356772825,49.7399742621928,67.3839933704585,15.4556004377082,4.87188015459105,8.47568180388771,7.85834645316936,9.89759427495301,16.058705218602,38.317623459734,2.78780881455168,81.125153361354,2.4824970215559,90,1.70904210861772,90,30,8.54120717709884,62.3591017955914,60.500482050702,55.5524503299966,9.1132563573774,12.4159741001204,35.0719793073367,76.4978500781581,80.3643392864615,97.6884156395681,106.002124135848,1.37221012543887,90.1945278909989,99.0776182627305,91.5367690883577,29.813367776107
4.37223323058197,3.12238761780313,15.6343211373314,23.3591773128137,32.8936916263774,43.660507799359,81.7529973946512,47.564927265048,42.3962605814449,19.653554498218,6.02274372591637,7.5527244147379,8.1749419842381,8.29819309408776,18.7439811276272,32.0617602125276,1.00681124767289,90.3177672810853,1.1582819246687,90,1.20894984668121,90,30,10.2398273586296,63.8990142382681,65.8769366703928,54.599224855192,10.9167400561273,32.973160692025,35.26701898803,83.0668788333423,82.5916877610143,96.5699135537725,198.235665857792,1.76345518743619,91.6173186106607,99.6659053065814,92.5750554073602,5.73297163052484
4.05376265634323,3.4393012101237,25.5585232237354,20.0611730711535,36.1846130923368,33.9899568876717,80.228687771596,44.8339152615517,83.8527604099363,15.2927816775627,6.65590702113695,9.60815906594507,15.7765784899238,8.35184495081194,17.3519619915169,37.1245805255603,2.62679200433195,91.0115714173298,2.00999095616862,90,1.50445543089882,90,30,7.69401106936857,50.7241388736293,50.6692531425506,56.2716947216541,35.2307587866671,17.7063277591951,25.7370610444341,78.6253927345388,91.7113043658901,92.0771462656558,104.630942207295,1.38026636885479,90.7731368683744,99.4396104975604,88.0578204970807,25.3691824846901
4.25946648053795,3.18103756750253,11.1357065243647,21.9264287129045,52.908976203762,36.1095288884826,89.9855801928788,39.8515663715079,69.7828969708644,22.3675775923766,8.38389671174809,4.34943116549402,10.5230070296675,5.02797089749947,15.1493953878526,31.7269456561189,1.79388394346461,86.836179693928,1.81384301371872,90,2.15758764417842,90,30,8.23014870844781,66.8454316351563,62.555217044428,64.068242884241,33.6057796832174,27.1965834326111,11.1304233213887,83.7561607116368,85.0666455551982,93.5486309123226,109.12991889054,1.09830966126174,94.7244739159942,99.3781175492331,90.923345297575,7.37915608938783
4.2933476874473,3.22757592234251,14.6689575910568,20.4303068574518,55.9233959019184,27.8990067425184,82.1193573111668,39.3306274013594,71.004182654433,21.1517362552695,3.0276448475197,7.51931837806478,10.0308156386018,7.86899722996168,19.5071009232197,40.9356989501975,1.66844475921243,79.9892013822682,1.05973705509678,90,2.60786885302514,90,30,7.78564779739827,66.8451310647652,60.2484962856397,63.7135975761339,30.2547584809363,11.0726332277991,34.6585867300164,83.1305215484463,81.5477724454831,92.199819104746,102.491455266718,2.23616502061486,91.03519325261,99.3532078228891,92.7539920005947,24.5903241015039
4.32850714749601,3.12193479084625,28.8943873345852,21.7270936165005,37.9478405532427,36.5189909469336,83.7516207434237,39.9252229370177,58.2638620398939,24.2168308747932,7.21344816777855,5.22237059636973,6.76464087306522,8.66956185665913,18.4414666739758,36.9170173758175,2.47521400079131,77.2359412035439,2.53483438538387,90,1.89034334709868,90,30,10.4094708454795,58.5996590461582,52.3978726379573,63.5615731310099,10.3442284134217,23.4745612493716,14.7700242653955,84.5632634439971,86.2443957629148,96.4354985808022,130.22546720691,1.30681579140946,90.820022393018,99.3979630428366,93.6239291299134,23.1975557873957
5.68723499221524,3.45517363856876,16.494900858961,28.6332426732406,42.6844446826726,45.0500677863602,87.6835770811886,48.6625280510634,39.8416442493908,17.7357191964984,1.58389771636575,8.16547582461499,2.13838768727146,5.86791759240441,18.7397399859037,32.3311844654381,1.66668504476547,78.623006939888,1.99958470603451,90,1.42337789619341,90,30,9.53362182341516,67.3230530507863,56.6469391901046,67.708300948143,27.0377497784793,17.3088859664276,25.8157412186265,76.626799274236,82.0568499714136,92.1349759094883,189.082590334583,1.41519043175504,92.780210247729,99.8142764507793,93.3195920009166,7.78232479048893
4.46371788683673,3.35695242392285,15.4254726320505,20.7446271972731,52.8016037656926,49.5448828674853,76.5508585423231,48.8439637701958,14.1101929033175,17.4131625168957,3.57622078387067,11.4449837149587,11.4285995385144,6.06775926426053,17.8978880005889,42.3953134368639,1.57575587742031,93.3058333571535,2.47955781267956,90,2.27086870605126,90,30,11.6567608332261,65.268057170324,51.3752822391689,57.6998629188165,29.8203857426997,26.035114586819,12.0833145759534,78.7940980971325,83.0644863389898,94.3615430553909,157.34562240541,1.76197729026899,94.391420292668,99.0519621674903,92.4953878857195,4.8189127384685
4.5060728380884,3.29213756621473,22.293929355219,20.2530582295731,32.4433281412348,40.8059419714846,73.6058568162844,35.1271422905847,86.5621340624057,19.8775565670803,1.98290331382304,11.0424896446057,11.0025922383647,7.60453038848937,18.4313676110469,31.870994400233,1.85010964656249,89.6969153825194,2.84999573649839,90,2.36579608405009,90,30,10.8628441281617,50.4953126842156,60.7909882534295,59.3090270971879,24.0224802377634,11.4305868824013,33.0499563321937,83.9714743557852,81.9154482742306,95.3462815382518,121.890177582391,2.78322343667969,94.1268040228169,99.5355857808609,92.5992666371167,12.8447140348144
4.42450333206461,3.0002424570203,26.6633053822443,21.4644087664783,31.9455773360096,30.1809325406794,86.5409671608359,33.3163687447086,65.8914499171078,20.1687538274564,2.92894520936534,5.05915046180598,5.58786877058446,5.31507405568846,19.9948910588864,38.6447613872588,2.98743012314662,90.2971824561246,1.59539482183754,90,2.17269043484703,90,30,9.89747857069597,51.6416799463332,59.9439404346049,59.9984896089882,21.165382308187,21.2479083021171,26.2331233432051,76.5613639703952,81.7195915523916,94.439781950321,163.923031364102,1.12311398005113,94.5546697429381,99.3331039948389,88.9036401771009,15.8641681545414
4.41134914889946,3.08816478991876,24.2900471761823,21.4502216409892,38.2360759167932,35.6604241183959,72.1978077897802,49.5421749539673,23.9586694794707,22.5594137213193,4.13352987752296,9.40289518563077,2.28967757569626,9.16098183020949,17.0094569027424,36.0495939734392,2.50236540241167,79.8001147969626,2.70135942613706,90,1.74745609844103,90,30,9.38138584652916,63.4255564352497,62.3717454401776,59.9282558774576,16.1127376786899,34.7994238296524,13.6352775923442,82.7741599234287,84.7153116716072,97.8454845435917,98.4770028456114,1.84061822853982,93.2974213338457,99.7075775885023,92.4277832005173,10.0399262243882
4.50312244828929,3.26411186882777,25.4670149786398,21.4353424450383,46.749136664439,42.6544402784202,87.5792845385149,42.0144344680011,24.8357861721888,20.3190681664273,8.49499816144817,5.70872370083816,7.95388393616304,7.62372758006677,19.2924322118051,35.622628176352,1.96120111178607,94.6133692271542,1.07696170732379,90,2.76217613602057,90,30,10.5452570635825,62.5721998792142,51.7503828927875,64.2856092890725,18.37889574375,13.6274136374705,19.1858425692189,82.3956365359481,84.1232125193346,95.3944875397719,139.128963814583,1.00100768916309,91.2826860893983,99.1442374447361,91.2838759273291,24.5827289260924
5.13381552198089,3.17697876857396,26.774718076922,25.3359919879586,52.9418908129446,45.161057007499,81.5394773148,47.7024330804124,7.50301754102111,17.4934143293649,1.08831774163991,6.28942287527025,6.73128115781583,8.66553589468822,16.748164226301,33.8460378802847,2.60468364879489,73.9359794347547,2.49714242201298,90,1.12610212899745,90,30,9.42409828025848,65.4368873964995,60.5130486609414,56.0510279331356,16.5119135524146,14.2215860220604,12.1199773405679,85.3791299834847,91.2496265512891,96.5200966582634,96.479996109847,1.96212625224143,93.825342208147,99.7623688315507,94.56853296794,13.9910593978129
4.14147116677568,3.20192829613885,17.1591064473614,22.7668860275298,42.5061703054234,42.2381667187437,89.6941536851227,45.394959365949,75.2188462461345,21.4002719684504,1.45002206158824,17.9709510332905,3.13932027667761,5.17343464307487,17.0052976126317,42.3836911947001,2.12602630723268,73.7605678488035,1.44546520384029,90,1.95298742409796,90,30,10.0937519227155,51.8363679898903,54.7436021734029,50.1489526731893,23.9774071255233,34.6542365630157,11.8945369976573,83.6576472711749,90.5819794232957,97.304456744343,131.97278220905,2.15198452072218,91.9243600207847,99.3270950152073,89.6072970051318,8.59869280876592
4.21528170256169,3.23877816185956,17.1162126865238,22.7580935461447,44.2622017487884,49.9225610983558,84.0033356240019,43.4297809563577,79.5654928986914,21.8519476801157,8.47648848220706,5.19118547975086,17.7865403934848,9.47977645788342,17.3059223312885,30.4064369900152,2.09065893851221,81.974226962775,1.72548165265471,90,2.83843785617501,90,30,9.14212883915752,57.5416652997956,51.6795099014416,69.645529827103,28.5514614810236,17.4022690583952,20.7603882255498,79.2942153092008,80.0155816890765,98.2785003616009,182.804629600141,2.67545756325126,91.4820086979307,99.0159361658152,91.6861217655241,10.6813923153095
4.30402646144084,3.4346013349149,27.4978733435273,23.1511983089149,38.2775432732888,36.829985951772,89.6871761465445,46.626093480736,43.7211286090314,22.6473800395615,3.70099671976641,8.8200658892747,16.1393584844191,7.8926576860249,18.3209547272418,43.7018759956118,2.86909707356244,78.1131660204846,1.18018354102969,90,2.0072415904142,90,30,7.66480440180749,52.533903690055,65.3243052633479,69.8013480007648,15.5535976756364,11.409623591695,22.9346590421628,84.8091946227942,83.7563366035465,93.3970564552583,187.077402994037,2.59747623372823,90.1917041686829,99.7597260845359,90.5154063999653,11.7707784967497
4.92997439686078,3.47124918075095,26.1918589007109,23.7498102895916,36.6465236130171,42.8723965131212,82.4797581555322,44.777728705667,43.2412486639805,22.0657294173725,2.14961575320922,5.70316314813681,14.9800155265257,6.11737934523262,15.4289502627216,44.3928949080873,1.54490960948169,71.1932474037167,2.66792766889557,90,2.31312493141741,90,30,11.3231049617752,52.3627751227468,66.67083858978,63.1991594797,32.7349342005327,25.3090238082223,34.2624960248359,79.393929191865,84.4157416315284,95.8181436785962,184.881436757278,2.76589130749926,91.3494090538006,99.7130282653961,87.7504424378276,16.7290904256515
4.46738865845108,3.02157908403218,17.2784265968949,20.3730254108086,39.9587668315507,40.9093031892553,76.3563180016354,36.8016447639093,47.0721887075342,19.8162078252062,4.79395396332256,3.36117991409265,8.08914397540502,6.47675855201669,15.1627884269692,44.7683322255034,1.47799029480666,71.9352917908691,2.98390453495085,90,2.02225518226624,90,30,11.8837117832154,58.2361188298091,50.3454051539302,56.5489839715883,24.9786076834425,21.0181212886237,32.8116502510384,84.0088772436138,93.4719193726778,96.7965292031877,164.776947069913,2.14714910462499,94.9006342573557,99.1259159231558,92.6389065440744,16.2443143068813
4.19393292766426,3.01574184314338,19.2124054813758,25.041264644824,42.4472236912698,36.1024960002396,89.2915586940944,46.4127490203828,78.8403438823298,21.5829502674751,4.35965766385198,8.41809219284914,4.08665642188862,8.36106521543115,17.7884204196744,43.3342355140485,2.75851106457412,87.2430994396564,2.62355911917984,90,1.16553813638166,90,30,10.4251346080564,62.9722697054967,51.2344826897606,55.0658568320796,32.9793448015116,30.0771626313217,35.9533061403781,87.1423348900862,89.0926657931414,95.468749032123,146.974383315537,2.82707208953798,92.1622378518805,99.4067631382495,90.4001140315086,8.86817766912282
4.06849991374056,3.05660216192022,28.7243378441781,20.0458451546729,45.7749487250112,44.0887444419786,73.9253279427066,45.7801667554304,65.816631289199,17.1705732145347,4.08159114629962,12.0062341422308,5.46602655830793,9.98955236631446,18.3461390412413,42.3604835628066,1.07611414277926,91.2100500881206,1.01543940789998,90,2.96188148017973,90,30,10.2786811608821,51.6394276032224,63.8942283252254,65.942057534121,34.56824746239,18.2179949171841,31.6286125758197,85.7976314343978,91.6384047397878,92.6825217346195,97.9340803809464,2.65174047835171,90.67321517854,99.3872684084345,89.6570048369467,22.4865261637606
4.04109189301799,3.01434538623093,24.4226974155754,21.1837625317276,40.5914037907496,35.5224610422738,89.0270573413,41.5958402911201,16.4123593876138,16.2031128932722,6.22535001020879,4.08740896475501,13.1294277301058,8.43878253595904,16.4708256046288,30.1798698480707,2.03580129798502,76.0523104446474,1.10515927011147,90,1.42506389552727,90,30,6.56618208205327,50.0296657113358,51.6577217029408,65.3126526391134,34.4781606195029,25.1248776996508,15.1404991934542,83.0946534464601,94.8936303798109,96.4644901531283,195.540455966257,2.15970314200968,91.0819536843337,99.1090115820989,87.7321733832359,12.3508634837344
4.59914949297026,3.46892729551805,26.2489622132853,24.1684552514926,35.5778328515589,35.1946298731491,76.5076262550429,48.8497480610386,87.3665246902965,23.4563047508709,2.58319712034427,11.8850091316272,9.69498158735223,5.05719988839701,17.7010964322835,34.5558256935328,2.89672817755491,87.9530878493097,2.1927349739708,90,1.44792448636144,90,30,8.41085677687079,58.19296031259,65.4827471496537,65.2253395179287,20.3141936666798,27.2624050858431,13.7439438854344,87.6430146466009,86.4639284764417,95.9939890773967,152.974316433538,2.83504340937361,90.7997877895832,99.129558379529,94.4186945781112,21.856012003962
4.50427360833682,3.33868512570801,24.0148272970691,21.7662568390369,37.3080871556886,38.9359187043738,83.759656008333,39.928808263503,75.4414090770297,24.8901265417226,1.61585179646499,17.2295036187861,2.32210070546716,8.70727385859936,19.7861355065834,33.1017826858442,2.24504175037146,87.1857696666848,2.36050685029477,90,2.16238014353439,90,30,11.2984117073938,59.0411409642547,61.243368354626,55.9304368402809,31.4548531395849,16.8783707958646,28.2237651597243,85.6701302120928,94.6919438382611,93.6424455598462,120.494592192117,1.88315811054781,91.992835594574,99.4074251204729,92.6372641585767,13.6556079429574
4.01788695134611,3.04216876581958,16.8362495722249,21.4174649678171,33.5522752208635,49.4929929729551,80.8781340299174,39.2391060711816,70.439031701535,23.1906067882665,8.45458834199235,3.35791984316893,16.8692570403218,7.24557657376863,19.0500084112864,33.1644325261004,2.47191677801311,71.3763794035185,1.82953977677971,90,1.39759708568454,90,30,10.2104735481553,63.192441300489,51.8183234427124,56.5904454840347,11.9966466848273,17.6544389370829,19.1629973778035,85.757596391486,93.0876708659343,97.8619927261025,186.871987634804,2.45768104447052,93.9042582619004,99.5454063941725,90.5956582743675,9.57813504338264
4.95947393826791,3.35362556615387,29.5857891021296,22.6568964216858,57.2614569822326,35.6885009212419,74.0829154662788,47.5159254623577,38.9447359344922,24.8483177670278,1.56273763114586,10.0160122786183,3.95766968629323,9.40099203260615,17.9117418336682,33.5530615446623,2.32683600485325,87.8080896730535,1.64374193595722,90,1.34620330156758,90,30,7.70817197207361,56.2399898748845,62.2327365167439,63.476223279722,24.6712432333734,15.4337486554869,19.7729352875613,82.0148206315935,83.2475234533194,96.8972948726732,173.934459404554,1.87120030913502,93.0208399659023,99.3852277379483,90.5841232687235,22.0914927641861
