"detected_incidence","prevalence","API","bh_max","eta","covEDAT0","covITN0","effITN","covIRS0","effIRS","muC","muA","muU","percfail2018","percfail2019","percfail2020","EDATscale","covEDATi","ITNscale","covITNi","IRSscale","covIRSi","lossd","dm","cmda_1","cmda_2","cmda_3","tm_1","tm_2","tm_3","effv_1","effv_2","effv_3","vh","MSATscale","covMSATi","MSATsensC","MSATsensA","MSATsensU"
2.79656427968831,4.98864777283011,9.84533996577375,15.0069047976285,6.91144332056865,30.568969398737,60.1826555933803,18.5651729349047,61.4686733088456,16.3737046439201,8.81382264231797,16.2125825077528,9.51009836571757,9.27787574566901,11.2154538496397,29.0068891528063,1.98303740052506,90.0612355174962,0.788423169171438,86.6440505720675,0.483730710053351,85.6938206870109,29.0965506713837,5.88127269526012,61.8718344066292,56.3865409512073,50.2755173668265,7.85391839593649,18.4551646127366,14.000126543222,52.0198688283563,82.3654151859228,78.5991660107393,150.743238616269,0.475838540529367,91.9708152348176,91.1402795277536,94.6117145055905,20.1754028324503
2.31057916390386,4.53012465502408,27.51517852908,12.963317304384,57.4662074889056,27.1524795424193,85.8530683349818,5.50337637891062,33.7077362230048,9.34934607706964,4.78456266841386,13.3402870614082,11.3576316932449,9.68571926467121,11.5395839011762,35.3216160228476,2.22119479079265,62.0464402879588,1.12522946298122,79.983245539479,2.06006982049439,82.5648524798453,20.004355693236,4.96246991818771,32.5439695455134,68.8909445516765,69.5935168396682,25.3783196771983,10.9934278982691,7.08893138612621,73.0731808301061,69.9762377678417,78.5296915895306,178.740165564232,2.86184361309279,94.8518028471153,93.5890752007253,76.9225772516802,27.8672648894135
2.64633759479294,3.57521157829869,22.3731959378347,19.3274162849411,12.3540522903204,32.4495731107891,52.6471565384418,37.951454827562,55.0968849426135,9.12585727870464,0.56758673733566,5.78038464591373,10.2120102829067,9.77442256733775,9.95235261507332,15.9024720196612,2.1658857530565,79.1278186754789,1.06412693852326,73.5206564329565,1.4021978789242,86.2745168060064,21.5557967126369,8.41429441678338,44.041712814942,64.4411285407841,47.729460997507,1.67462510080077,20.8657891033217,34.3733291246463,86.6930109262466,64.2407240485772,83.3998595403973,120.881199089345,2.12448524811771,73.7337827379815,90.663003239315,74.050211928552,26.7214491360355
2.68516383079108,4.35426773418833,17.8533093046863,16.0762223461643,23.3635235391557,31.6539157927036,64.0156548842788,30.030004644068,26.325425254181,12.3528779298067,4.62487186049111,14.0534135207999,9.97212377400137,4.59104258567095,11.6365657292772,25.3074530255981,2.22405771113699,76.2410323217046,0.900308194337413,84.5512413606048,2.2914005133207,76.8134192330763,28.3870696567465,6.78737189946696,62.8645502496511,40.6953970715404,55.3700690623373,27.815638190601,3.57362250378355,27.0980167400558,88.5509610921144,60.5474558577407,98.4702310287394,145.005433596671,2.49673307739431,76.8669799424242,98.8153079641052,75.59487362043,4.23707453208044
2.41077116008674,3.60070191283383,10.0567277676892,20.0859145494178,9.75633319583721,36.9877778086811,67.4571914132684,41.7131592088845,73.8743243739009,24.5054882997647,7.36747919674963,9.28547304985113,19.1321293155197,3.77971824817359,13.6308936229907,20.3786750603467,0.977264852030203,94.0822920424398,2.78052949951962,80.7646399317309,0.603002740303054,74.3138038460165,21.2163681699894,10.5249604387209,59.3266905006021,30.0211506895721,48.8632129412144,24.9747965359129,15.7016168832779,32.973646055907,79.5541084371507,67.805900798412,79.1490480159409,139.727980091702,1.56331915862393,86.5324128756765,94.4667073315941,73.6046332621481,25.5592635716312
2.35958378420286,4.58231432084303,3.2047664464917,13.487365480978,15.6261829473078,28.3064438402653,50.4585067089647,12.9989737563301,57.7029269118793,11.523420731537,8.18401382712182,10.3600597188342,13.8338767493842,9.41547156311572,18.0561187255662,43.2849357440136,1.31159323418979,84.1616847575642,1.85535476193763,84.8541555041447,2.63246160751441,78.4886719891801,29.1032534907572,5.82917478494346,44.8840953130275,63.2907816767693,51.8742114771158,3.95688223908655,18.7798903509974,7.02421811618842,78.4449598379433,65.813269194914,97.7862470869441,172.048770624679,1.51729738531867,88.0729371029884,95.0722414930351,73.8990549219307,2.46411973959766
2.76971900575439,4.91729840715107,12.7405562554486,18.167334733298,15.4133342078421,29.1539913788438,77.1840279269964,29.8552151198965,78.1104722293094,13.9779456006363,9.67873376887292,13.9787438518833,3.55411238363013,8.44435509480536,12.8782551530749,27.2277497174218,2.40653102163924,87.7592520904727,1.20597729698056,86.8678140826523,2.73480832495261,70.3814092138782,17.1775515389163,3.29478152072988,65.2647948265076,40.4842093959451,47.5982821639627,15.2489165463485,20.6904339436442,25.957198921591,56.5938652679324,83.7670602079015,84.0352208274417,131.355237341486,0.851920505345333,88.9709115424193,92.4131797580048,80.3760721045546,5.28697401657701
2.44139745118741,3.80808837099576,11.118145795539,22.5543253764044,37.5564686500002,28.7275140080601,88.5950206872076,36.7443196719978,23.4200330427848,24.8755049379542,1.46164347976446,4.62577521987259,8.84589914092794,7.25550798885524,18.981662458973,30.9680553618819,1.0424912784365,87.2888972971123,0.379587935050949,77.2958649555221,1.07319187768735,79.4005864718929,21.0900129738729,10.2308351818938,41.6065019741654,69.3541251774877,64.2346117738634,11.8304290345404,9.29798675747588,11.9720784674864,54.3738198839128,72.9597315774299,96.6814903053455,180.684792953543,0.251065294083674,91.992690541083,93.2984310481697,70.4739290277939,3.02027197065763
2.49941369469457,3.57628677252568,16.9275001513306,18.5053394210991,43.1090085254982,39.6362369414419,72.1492820885032,49.8091688018758,15.1562002720311,23.0171699868515,7.3689692018088,12.2837663424434,18.5268931232858,3.77828438207507,10.8398833023384,17.1303709270433,2.2320155162015,89.143394860439,2.20877938682679,70.4583782050759,2.11958752421197,85.2844938030466,23.3471940422896,6.24647182389162,56.0144999716431,60.5517987534404,36.9464343506843,15.2340698977932,15.8663935055956,22.433952310821,77.7375517506152,61.0238159878645,95.6076177190989,74.8219817643985,2.35694771702401,77.9150596284308,95.8403831697069,91.7529865971301,18.2508522316348
2.61020260997989,4.49416278638328,28.8932921078522,17.1027397108264,58.2159009738825,33.4599159657955,76.5181099995971,41.4592121751048,43.7255571456626,15.9928727988154,6.8250461765565,18.9085601040861,10.1817956404993,4.16511241719127,15.6078086725902,42.8706332179718,0.814307959924918,63.771395891672,1.16496277076658,82.8479524329305,1.8395839354489,75.7265762565657,26.2487282522488,5.01589468447492,57.8717923164368,38.8407399691641,66.3653117232025,33.7586974599399,30.1575765800662,26.1210865827743,70.7987060584128,74.8097188980319,84.0073613517452,176.988420991693,1.60794312990038,93.0548779130913,96.4541892940179,78.6172210692894,9.96582164312713
2.22948990595836,4.06886012185152,23.1467004485894,12.7716400520876,31.269972990267,31.3579355366528,53.3395730704069,18.6967534129508,14.4451065547764,11.2353938026354,7.6800882187672,11.6996718388982,17.6780399869895,2.51321585848927,14.6132091670297,29.7287946729921,2.34121621487429,66.2007259589154,2.16121985623613,83.2624483620748,1.38586648547789,86.6820035828277,20.7700015639421,9.75145545019768,64.744678279385,56.4634603448212,36.4404704608023,4.33623507642187,34.2952946792357,7.52424781979062,60.9742789622396,80.5788991251029,83.9637868285645,100.367433251813,1.47653863986488,83.3486417355016,99.1999429184943,82.9807349294424,22.7097407658584
2.20181565999696,3.54817738630851,20.8747357437387,10.7890372839756,14.8604542342946,40.2457199804485,59.2476405203342,11.3302081543952,27.6918044057675,10.9183785645291,9.81871507200412,15.9748511534417,18.6253794472432,3.9412135258317,17.5864404889289,18.5718519520015,1.23453514970606,94.1849872737657,1.23516017664224,81.0866083716974,0.525128102570307,78.7550604855642,26.0285447887145,7.0003045136109,66.9281408935785,44.2473847512156,66.5656066033989,32.1773006361909,30.0685113226064,8.03507821750827,82.0243553258479,80.7887417846359,76.4523425118532,177.190247210674,2.19611342682038,73.5818975302391,91.5531668323092,90.5593360646162,21.2619828428142
2.52379614350016,3.54535704977788,7.28601778508164,19.8695642768871,49.7283719829284,31.2837454490364,54.5048341620713,49.9506530642975,48.0041733803228,11.7075080610812,5.04015569575131,4.31079150980804,1.07779289095197,6.16567061282694,19.7372614494525,41.4070342783816,1.65424036886543,87.456857097568,2.82166435499676,80.4578565480188,0.507681055401918,73.5116557544097,18.4512746706605,5.92632630304433,53.9410291519016,45.5665803793818,37.4616940319538,19.3290786447469,13.4789105411619,4.34895833255723,54.1561953723431,87.4818555999082,94.2782729372848,72.5886796251871,0.727476576983463,80.8805089024827,91.7614946188405,81.2863615446258,3.23973853862844
2.1235871113598,3.57039224642854,1.65964821912348,14.3858461745549,23.6899118905421,32.9899193253368,57.8701810538769,35.3354058822151,28.3530227188021,17.0889018615708,4.08633106306661,19.6004142578458,2.95653298485558,9.61194819770753,15.913599697873,37.7985160262324,0.858989135478623,67.3290130402893,0.75241293257568,85.4857360757887,0.939549817587249,82.8675731737167,15.9823141212109,2.32346697407775,40.011728880927,55.4012025613338,39.8736140783876,19.1443805189338,31.3008344462141,11.7710814820603,53.8081424217671,69.4040945963934,90.4073508486617,130.037097162567,0.386651925044134,91.1040344962385,92.6995027717203,74.8035902669653,20.8248057090677
2.47590912817945,3.7071255120296,25.0892718406394,16.46374250995,12.0574768166989,33.7155147828162,87.3908855114132,10.4735757224262,79.205736417789,17.7042310824618,3.73675378470216,5.27822869480588,19.9958490880672,8.2732973061502,18.8843558433,27.6816258346662,0.339624004554935,73.8788159296382,0.536894102056976,85.6824199296534,2.81863126181997,81.0658542113379,24.1130841337144,1.51835360471159,38.3274944499135,31.3769833184779,69.2720757517964,35.0192375588231,8.90841942233965,18.9839706374332,80.842319605872,65.247437406797,82.025412136456,193.527636448853,1.10467157547828,80.1772155729122,96.1294326907955,72.0979686814826,25.2731786551885
2.55594632804382,4.44438200518436,8.51276502525434,14.7287246026099,52.97793174861,29.9236372392625,88.639668263495,16.414774103323,9.12697213701904,8.15381272695959,4.20344596414361,10.7965316195041,13.0108940128703,7.76846396736801,17.3126598661765,42.2251698584296,1.9647585254861,66.8618434830569,1.6203056841623,89.5647858548909,1.20802588138031,77.654054989107,21.3591894612182,2.90162669727579,51.6412167623639,31.8595138285309,30.9239890705794,10.6683204255532,6.39032329572365,32.428082436556,55.7801666390151,86.7950834752992,72.719493087614,82.6987527287565,0.256951934483368,78.6663579277229,98.5825438727625,80.4584670509212,12.9717471906915
2.28903412635951,4.05355870408173,3.65704754344188,15.2083241357468,40.9429216024,33.2444196939468,63.9100951794535,36.5673409937881,87.4440637277439,6.5502290148288,2.64133430970833,19.0467520446982,19.1340187550522,2.21963984519243,14.2702480407897,23.2843343750574,1.86110455053858,60.4410469718277,0.44940904394025,82.1615595603362,1.44905855011893,86.8517181137577,21.7721115541644,8.01322711654939,58.216996146366,51.7748293932527,67.2787169367075,16.3531591291539,15.9650592408143,20.1116527731065,52.6480295043439,91.8767598643899,75.3241901278961,197.534845045302,1.53137042699382,78.4236955561209,94.1939894715324,83.824607146671,11.9594128772151
2.7700138047093,4.92955717509856,3.66259408718906,23.2273528596852,25.0756624888163,27.3731131479144,86.2391594145447,44.5903535245452,17.8323497995734,24.8589008301497,9.81196160439868,9.27737990708556,1.80561250564642,8.18321254476905,16.8411062948871,19.9967840476893,1.79496763861971,74.6693564450834,1.41311378002865,78.2358080241829,0.39000659971498,76.2159899435937,19.7527387028094,10.0562477251515,36.372603494674,37.516408180818,48.4842120297253,21.4992778948508,24.1344629838131,21.0094757883344,58.8109003566206,62.8396018710919,90.0692075581755,137.976087841671,1.35472465673229,70.246515852632,98.5731186112389,73.2030856935307,4.40898530231789
2.49085179491922,4.98827673630163,7.63236667285673,19.4136639172211,42.7643938420806,28.7758758477867,89.9269760213792,41.90831289161,46.1999294324778,16.2985692918301,9.20022942509968,19.8997285657097,6.82575868500862,7.13736661151052,15.0845174586866,40.6436806241982,0.432781861571129,92.064917141106,1.78020685096271,86.0886508086696,0.463532833266072,73.9655747590587,17.294091047952,9.24478823202662,47.8905944246799,68.4670720994473,52.332010474056,1.86014431901276,18.285884836223,31.2461922671646,83.6867104377598,77.2601175366435,79.235916641308,159.459300329909,2.95660112431506,90.6963149597868,92.8111019730568,82.7613069256768,15.765417373972
2.13737790674714,4.52054391254682,12.6171826585196,18.9822890551295,29.8151590640191,26.1493415851146,81.6747106797993,39.6070845518261,55.8999324543402,9.69638356007636,6.37174456694629,11.4548281652387,17.7569214882096,9.37788738869131,7.73903146153316,25.0498808501288,1.8156895932043,80.3095048363321,1.54440897802124,87.8389908373356,1.35983751359163,88.9098579343408,20.8736106567085,5.10376282082871,69.262857157737,58.6639410816133,45.8021989557892,14.99527620757,29.3817182523198,13.9086957934778,57.7598137594759,72.8747378918342,88.3906725961715,168.285884738434,2.58273162913974,89.2614541389048,95.2362633682787,92.8837058239151,16.7010915516876
2.3044436537155,4.10535850544803,7.04545244574547,13.4172116557602,45.7361753948499,32.1445500478148,51.2513498030603,27.4992048402783,62.5968572124839,11.0603807074949,7.10144884802867,17.5642198222922,9.76888812787365,5.69275018572807,14.1526189742144,32.1739284787327,1.30823210033122,86.1893759772647,0.919130059250165,81.2205640366301,2.20280522789108,89.7256365418434,29.9573472852353,1.22363382857293,69.2174712941051,57.6166911982,61.5109429322183,7.08187329256907,7.45942952623591,10.0856904820539,82.064284356311,61.0130777268205,77.2710872252937,168.125351374038,1.30374860257143,76.5446692402475,96.0044982819818,94.4738873792812,5.94403579412028
2.13359591129506,3.81057445048652,16.9963897066191,18.8144428934902,27.4433565908112,29.9370501376688,60.7034225575626,46.1844354576897,66.9322598562576,24.852455817163,6.09944920474663,15.6543367971899,4.9627803954063,6.65170724503696,14.3926882972009,27.5354305515066,1.79628608701751,80.6499310780782,2.38229040789884,83.0091449432075,0.549858028593007,76.623490024358,29.8380314942915,7.07305792276748,58.5248961672187,61.0153963603079,57.9770517535508,31.5373816692736,4.3411900959909,31.935178098036,60.3059166111052,63.5208602109924,71.2742969610263,106.19402897777,2.95167658146238,91.5384426293895,98.1515392055735,94.6936460374855,3.26217418978922
2.7188309579306,3.68897300443415,6.41544497082941,15.5001178535167,21.0550361010246,36.7938183341175,54.5935761369765,7.41469411063008,77.2092709760182,21.4498616289347,1.2537803464802,9.54462417995092,16.2285687022377,6.02701382897794,17.9830232732929,34.8067188821733,0.367517616134137,80.2775102166925,1.35803822835442,70.0335421739146,2.13248037343146,88.3612829819322,21.1501862236764,3.91889179777354,36.3621203135699,40.2595252823085,41.6533518861979,23.3420425702352,27.0971180843189,5.96706686052494,59.9124373309314,91.5248134825379,82.7634672836866,196.166287395172,2.45500423148042,73.0242255597841,93.918052399531,87.9812201356981,2.00422172620893
2.10964658249304,3.8948797345831,16.8051898665726,16.7063005827367,42.4221636797301,30.3988115396351,74.8142419010401,38.2139014883433,63.7925649108365,10.4888026788831,5.31791630911175,17.8887503283331,9.58561337401625,8.31655577942729,14.2730845503975,20.9948000614531,1.80113023449667,89.3765196076129,1.5546235271031,80.8556475210935,1.27440067811403,71.930990270339,24.0845572168473,8.22678049141541,37.4095658026636,60.171699244529,34.8123977985233,13.3052768083289,4.96771765593439,18.4337679434102,84.6371605899185,92.490887521999,75.8688050650526,70.7670143758878,2.4663307084702,75.4298694769386,93.3444860507734,82.1361589001026,11.0525512865279
2.55726781610593,3.81476844192467,12.8130928298924,14.8674895847216,30.5675252107903,37.4906546343118,61.6586460638791,29.3889180279803,54.6497682854533,15.8027397934347,5.0877215382643,17.8474827565951,12.9414109793724,5.07909371331334,18.2600387292914,19.6600955701433,0.252006648981478,80.320363980718,1.39061967289308,83.8449715683237,1.87034226721153,89.1525267856196,22.9951077152509,4.89993986138143,69.9266060255468,64.8896679840982,38.9151590783149,6.61053119017743,24.2462053769268,20.5011468864977,51.1991433147341,74.8692307597958,87.7013571984135,105.116793920752,0.520155380887445,94.4809054303914,91.7430808604695,76.2875071773306,18.878709112294
2.35560726758418,4.66657767177067,7.07721196836792,15.1113378023729,59.1171283856966,27.9698443878442,66.0602150950581,30.1988190342672,28.369824369438,22.6472721574828,5.52941773564089,16.7371642062208,9.50795467512216,3.71777734160423,19.7374461144209,43.4512928081676,2.48175850906409,69.5852350164205,1.01151221315376,85.0171451456845,0.460622820653953,83.4007049910724,26.3065229414497,6.32631738786586,36.6472493764013,33.8949530757964,30.188789749518,25.8949485470075,22.2826996403746,27.3195787214208,83.9604632277042,71.5596531820484,81.7349286191165,83.1565276812762,2.19799050787697,85.6917576794513,98.8811006816104,70.8913530269638,22.182366557885
2.38904005994323,4.08165767858217,18.7402719566599,15.7006642059423,43.4376915276516,35.9675213135779,88.9354618638754,33.7258643249515,62.3967661592178,6.59591663628817,4.09631227259524,19.3533074954757,18.2360586059513,8.53888897411525,18.3939657278825,39.9819181580096,0.47176072752336,70.1096169953234,2.39040398644283,80.9060280909762,1.28031585278222,82.4110173620284,27.5799984263722,9.77084792940877,65.4634311236441,49.3374891579151,53.6375737097114,6.79384814598598,18.8504373258911,30.4578734287061,55.1892070379108,93.6068091762718,93.9112336782273,166.512911473401,2.59395686566131,85.1999541732948,95.380183653906,73.710447368212,19.7818820436951
2.10947498896994,4.12627859444155,4.90247266786173,16.8773004191462,27.3359157890081,23.4311812836677,65.2230893913656,21.4537969080266,40.8515860280022,13.7893806723878,8.37859384424519,3.04982766555622,1.47827442770358,9.93377579562366,17.256024049595,16.5117097087204,1.48986887495266,87.1927212993614,2.41830415133154,86.0793008515611,2.73707357194507,74.6750349132344,19.275732311653,8.95353822549805,53.061681529507,34.2057606205344,63.5173397231847,1.93937385594472,29.5849902448244,9.85959298303351,74.1873068828136,90.3710696031339,81.0794041098561,126.650011842139,1.70591573382262,76.8080866825767,94.643791213166,91.6092216665857,19.3059499803931
2.30721335388775,3.79907792712949,16.7511109435,13.8000353868119,20.7407009473536,34.6526868082583,73.0484911426902,16.6436663188506,34.745716159232,21.5643566101789,2.11097328469623,15.5627109160414,18.239717187942,8.61970466002822,19.3435839132871,34.4319959473796,1.88164717238396,76.225383062847,2.89389020577073,87.9000198002905,2.98308447841555,88.0057310359553,24.1932693659328,5.7831493075937,44.6915885992348,61.8660268001258,64.8588893096894,8.20945706008933,25.8862948482856,26.357434282545,63.0420656036586,84.0829529089388,88.9856541513,144.24921865575,1.68493082217174,90.6827254791278,92.4694684636779,85.8913489547558,24.7741102022119
2.48060587555146,4.03284547557265,3.0448301138822,21.0085294628516,7.84507496864535,32.1526313945651,69.5115611515939,45.6705860269722,73.2614990836009,22.5857742503285,7.73230140819214,16.0320619830163,0.590445824782364,7.78750710748136,12.8923904406838,34.4458661950193,0.446150534844492,91.2142139056232,0.601998005586211,70.545203005895,2.33783320698421,74.1703439783305,19.9662149779033,8.80603581015021,31.2985078431666,47.9872089065611,66.7225208412856,34.7859275261872,15.2380524533801,25.3184722198639,57.8392133582383,87.6782099471893,74.8736342031043,101.037455084734,1.4194281277596,81.5820427658036,90.3559203748591,80.6677210947964,15.1691630636342
2.1939087465575,3.6596449129102,1.83632283774205,13.5016326326877,38.7771875655744,36.8518917635083,80.7488884776831,26.2718651909381,81.320122119505,12.5567523622885,8.73046409280505,19.7535149495816,5.34713056485634,4.46146330609918,7.09386898088269,43.4821150498465,1.31878304708516,60.3720954200253,1.58190427394584,70.0493472907692,2.94428745127516,74.2678114725277,26.8881038948894,4.60996745759621,32.0988362748176,39.3045723251998,54.0041806921363,2.85790208284743,13.7136231232435,3.07194233802147,71.0492805298418,73.1249231379479,77.9230769486167,120.424699296709,0.410893304564524,94.356051691575,99.114160835743,88.5927366430406,27.8699801675975
2.40312026219945,4.11681848479328,20.7288985284977,18.5356584284455,5.27901000459678,27.9892540443689,88.0031566787511,20.8551019453444,72.9466636525467,18.3715708693489,9.15088682575151,4.91430515109096,2.62289575964678,5.98650362156332,10.086983041605,42.2438441729173,1.10837765928591,80.8567941025831,0.318731905310415,85.5933388648555,0.681384555529803,70.0146125024185,16.3435165188275,3.13630875386298,44.0327681414783,47.3647989239544,56.4583085663617,31.7785229524598,31.8459717985243,19.2096524485387,65.0200694799423,78.3475156442728,88.959117092425,198.349292227067,0.466877971542999,72.8967806196306,94.833862343803,83.3841026457958,9.60972679057159
2.27684224267141,4.21849852023494,4.99312615627423,13.518032070715,26.1902359360829,30.4712162166834,89.5069769211113,14.5184706023429,31.1520753172226,8.1811792915687,8.83933366101701,10.035984004382,16.0902039435459,6.62826002016664,19.394479627721,37.8024201490916,2.69645948911784,64.4840732577723,2.29151077347342,85.4170770477504,0.860096841992345,78.7082295771688,27.1245855325833,6.05721008894034,42.2809872217476,67.3437465541065,51.693505262956,13.5586752500385,34.1323582190089,14.1923783468083,86.9369655009359,72.5126547156833,77.8361158601474,79.0828507440165,2.53279922169168,92.4967160960659,98.7877301406115,83.2995873515029,29.3391559049487
2.57894199349052,4.13645446440308,5.53225590591319,16.407207561424,52.9924119310454,31.5254481323063,75.0600766111165,27.9915418964811,46.5473799593747,19.2447651457042,1.15563728671987,18.8146215870511,2.16066143871285,2.46466082707047,13.9377307582181,39.6883829240687,2.7574502263451,94.9463713367004,1.61302246531704,82.2408139333129,1.77699896786362,81.6495380038396,18.1282872904558,10.1904908854049,39.3683890718967,54.4706206116825,50.9330361895263,16.0822556158528,12.7645852249116,31.0528354507405,69.5751429349184,63.9784023887478,73.9469466840383,119.045683543663,1.31692745973123,70.6577218649909,99.1715563344769,76.0768070339691,7.55273890634999
2.71396868907956,4.83596331595581,5.6649386479985,19.4451588683296,50.801596409874,25.5553042888641,65.5042798630893,30.5797771725338,53.0232858331874,20.4003621498123,2.74511730915401,0.830014724167995,11.5606081939768,9.93514886684716,13.9008165609557,44.5548136113212,2.03999903757358,68.6849391495343,1.32962514070095,70.2442562673241,0.456053125264589,87.021574289538,16.4452250988688,2.8236653925851,65.7889703568071,63.1611204240471,56.1091956682503,12.1236540798564,33.4406154472381,11.482691102894,88.2789616473019,85.0339361617807,94.9915391143877,90.2331994567066,1.39212303538807,86.6834829375148,93.8557344744913,84.5803626219276,12.594080387149
2.18146114775541,3.61087106645255,15.3163064434193,13.129940192448,14.4844274094794,36.7809932678938,71.9967102631927,29.8645869677421,31.8959587672725,6.71585737261921,9.28788830235135,17.8741890022065,7.28393179469276,5.33523400500417,16.1607857230119,37.1805281471461,1.6127032522345,88.6289927898906,0.362543296301737,84.773602723144,2.19571943941992,85.1041217567399,29.4990885606967,2.29128607665189,57.5415058992803,52.7319085411727,32.156963609159,30.4672907004133,22.1007214598358,12.2841066231485,72.0886521413922,75.0117337459233,83.4318399711046,175.404733102769,2.11517218663357,92.2927394032013,99.2123882775195,81.9351865258068,18.9973654029891
2.5733658509782,3.58104719293803,21.9254521296825,14.3394276476465,46.3810764474329,39.0542125981301,65.9165076911449,15.4421706334688,79.1983070760034,16.8199048610404,2.43899047514424,11.5192547126208,19.9952937311027,7.85441627167165,18.9375627452973,32.3890599841252,1.48182379530044,70.2224817720708,1.900926054921,74.8294014949352,0.937019807926845,75.4046670394018,20.2164385083597,9.94691104162484,43.7016298342496,58.3922928199172,61.6878016013652,19.7466041825246,24.504157052841,25.3554370806087,63.1911552418023,85.1229510479607,88.4584866787773,123.947848496027,1.88726259348914,91.4765441662166,97.788924057968,79.1788568475749,15.1776562323794
2.70741594839215,3.5867803676684,5.05165763618425,12.0230942824855,45.9172922349535,44.8786763846874,68.1819809880108,13.713425892638,64.3710828199983,13.8317789370194,5.6486693500774,18.800148731214,11.3605295787565,2.48632593080401,10.1844700362999,41.2343283626251,1.61814301455161,71.7588510503992,1.4106731354841,77.3028120957315,2.26045589213027,86.5423552878201,16.0111556109041,8.04546268400736,65.7990908715874,51.286330781877,55.1706385519356,18.4373141478281,14.8041460891254,3.58561524446122,59.7757437266409,60.7224604988005,80.0391122128349,128.884557904676,1.53722831670893,74.8657553386874,96.8051107693464,70.8027208619751,17.2290600514971
2.58334079293864,4.12267024328393,22.7026059350464,16.1901389400009,39.5654388668481,32.4634488672018,57.948152711615,31.7115922423545,48.0628845049068,14.0303980279714,3.54872314841487,10.1120946048759,15.9302388544893,4.5273467246443,12.9059230715502,35.1121972454712,1.00405187887372,70.6703954457771,1.4963860916323,74.5660259341821,1.16496580507373,76.4617540221661,22.124455505982,7.31719622248784,65.4258866980672,64.6257035061717,53.265097849071,26.6014217145275,22.1313815237954,12.2454039053991,69.1443565860391,68.9901063183788,78.7312273310963,141.90919717541,1.024100605282,71.4044014678802,91.0490930196829,90.8331182075199,26.6367396260612
2.2650913909386,3.53659358083212,27.204501519911,18.9644921733998,21.8830468400847,32.7468349132687,63.9417114853859,47.7300579415169,89.6700714225881,7.5700745312497,8.37603137281258,8.27865457267035,8.98853889061138,3.69835517928004,11.2921828916296,22.814349043183,1.18529828370083,63.3560179115739,1.56528142245952,85.791016863659,2.73239090351854,76.5322453016415,20.2739234513137,11.2085967047606,68.0856430437416,50.815718146041,59.3445231113583,26.2084150083829,5.40657528117299,23.3628677478991,70.4971121344715,77.7000246488024,75.3705698063131,76.978561587166,1.57373771187849,76.9166480796412,98.0468884063885,76.8294163094833,28.5845002413262
2.45028635344598,4.26084503755779,27.0024574878626,21.9496850401629,14.6855064819101,29.2679084837437,75.1732264831662,43.3812593610492,48.8050172058865,22.087205122225,3.33597133099101,6.80961306148674,17.6959024907555,4.3919063154608,19.7981420843862,37.7959843212739,2.81432136753574,80.0162541866302,2.99416470911819,77.154734027572,0.299015339813195,78.5346619132906,29.1072259191424,10.0890228089411,46.3739167246968,39.6580424439162,45.8675802592188,13.469117391156,35.6284599187784,32.1797242050525,89.682481167838,62.8356617293321,95.1157047650777,157.634295190219,1.99091519118519,91.5916149318218,93.1029461254366,93.6079262685962,3.71129771298729
2.43874614832589,4.66012502854536,3.48652099864557,23.0020863609388,21.1751764419023,26.4975982531905,89.1426668688655,41.0083754931111,85.3207078180276,12.1244689496234,2.82840306754224,13.2315444039414,8.89688857411966,3.70147899538279,13.2372795860283,32.457767680753,2.65009902144084,92.1030982839875,0.864839896908961,73.8935219869018,2.04316311050206,85.6318712327629,20.0480926770251,6.33531754370779,51.7696666810662,49.925088500604,52.8858096245676,20.772308554966,25.587884566281,19.3786906921305,64.6998083870858,75.0112353160512,92.1576867382973,172.988388147205,2.29185178567423,71.6365958028473,96.3106201891787,83.0021220596973,12.965625443263
2.77473951229076,3.95837012468754,1.99571670754813,15.7211933576036,16.4880825369619,35.5005717929453,75.4875290952623,20.8928139298223,13.0793688702397,24.7433780832216,2.07605446712114,11.8185442446265,15.7672826424241,7.86268638633192,16.0561974567827,25.5515888356604,2.09577282628743,77.8419343580026,0.853557404247113,74.0750320116058,1.02533080073772,86.5675893146545,24.5441728248261,4.12428512610495,62.2341116331518,58.6513799987733,41.3297784794122,34.8679638889153,15.4008072437719,13.9902248235885,53.7678791116923,72.0678117917851,76.4491522782482,197.942850170657,2.2865984357195,94.4583107472863,95.3476451197639,90.676222234033,22.383568469435
2.68187215184967,4.00563443847663,4.12331622675993,17.2156645380892,5.81432242179289,38.898961674422,74.4841980654746,41.6801633231808,61.3037134730257,9.89249388221651,5.84754174761474,18.0517894444056,13.8307126130676,8.99043812416494,16.9367551119067,34.8311292892322,1.82715799368452,62.2217516030651,1.79060946626123,80.9632144775242,2.61984430014854,76.2599871354178,24.8898497235496,3.56149235344492,35.4096349328756,69.2688987310976,48.0262749549001,10.4565389142372,19.5145695917308,34.8165976046585,74.651827858761,86.0708979645278,80.5758071457967,155.039854992647,1.42475396493683,72.6941932213958,96.2441345094703,72.0270112319849,10.476761672413
2.61743470608799,3.918400837293,8.9179562185891,18.2339267048519,41.4322285703383,33.5181157197803,58.8793429732323,48.5605984937865,38.2306522247382,13.209412433207,3.09871081775054,17.7889241239754,4.0058407963952,7.554398547858,9.26963766105473,20.140512236394,2.37925398844527,69.9633871612605,0.862095859425608,73.591132950969,2.22359421319561,71.6900787502527,23.0734865495469,1.46208474948071,66.7466301936656,66.1420503538102,42.9428009595722,33.6922461087815,11.5733366464265,22.2090620754752,80.9513829369098,91.3302472454961,93.9509490248747,94.9315852695145,0.474988738598768,75.9254056890495,93.6693075648509,86.2426625145599,3.49068179773167
2.41604345895016,4.32173855849292,3.91698387567885,16.630460456945,53.3143913617823,31.2366462964565,56.750623639673,48.3561003720388,51.1599467019551,7.63963636476547,7.7317377232248,11.2729644593783,15.7845493542263,7.87225963175297,15.6885730754584,38.4460008773021,0.535073686798569,69.473522787448,2.5336735144956,73.3634748402983,1.00188470230205,79.9614574713632,24.0942757402081,1.71990802674554,56.1411191523075,59.4215642753989,48.3254008181393,22.3835554476827,8.38943411922082,19.1144038655329,55.4763074591756,87.1551540098153,90.9201767093036,150.929541687947,2.50684215693036,90.6324339727871,98.0235717142932,88.9820665575098,26.9158262591809
2.56926734111594,4.7692205410478,17.5563568340149,17.0134619518649,42.2279618110042,27.7828967291862,72.7045202441514,33.5064911434893,17.1985773998313,17.9908194439486,3.81252374721225,18.4554480661172,3.72282509400975,7.08396202139556,9.13503960613161,28.6546418862417,2.08657143614255,73.3616645331495,1.17212449695216,71.0881017846987,2.79791985207703,80.2045631362125,17.4750058539212,8.39097693096846,50.9776769205928,45.4840616136789,55.6162886787206,16.6445494026411,23.8116786880419,30.9141704540234,54.4216148648411,70.4093468177598,82.2832186303567,120.869781703223,2.27241172565846,94.6107199345715,91.3976352941245,88.9571792201605,8.43698025052436
2.34034164623696,4.24902134455153,13.2303554140963,17.3057268245611,8.07840655557811,25.5186823476106,54.175485773012,17.3831346433144,81.5288274013437,15.9726689755917,4.98045561322942,6.93750337557867,2.62231732939836,4.82146419584751,15.8782270338852,28.7792901182547,1.79916789382696,60.696513550356,1.98660996265244,89.9062371812761,1.16605930496007,74.8565418366343,29.9237246182747,1.32891434454359,37.4811393488199,40.2114044968039,53.6317674443126,3.55288389278576,26.6279980991967,9.78216093219817,52.4901326932013,81.729251955403,89.6432736783754,121.626767357811,1.47139309521299,75.426397168776,97.3862608638592,83.4884207625873,1.84762002737261
2.51684065934145,4.70532360123117,20.38520806632,16.9123355881311,39.7760876407847,29.6860934142023,57.9849865380675,47.785230174195,8.87402134481817,24.0752877900377,4.47552109719254,15.9178991786903,14.6686430465197,8.53105658479035,19.2260288670659,38.2436798256822,1.7515437118127,70.5467262049206,2.77994903892977,77.6907534431666,1.97219259402482,89.1842966200784,25.9583638084587,9.48928058589809,44.7431658860296,63.8219659030437,33.0459498148412,18.8387906169519,24.4109777323902,15.4264636575244,61.2128523737192,67.056501340121,92.8868404179811,109.800975816324,0.376176803314593,94.5678700099234,94.2861641477793,71.6404729802161,25.71119094803
2.548545354021,3.55917926615344,1.17311017750762,17.5139331340324,51.9534034247044,39.3858022522181,80.4155678488314,39.2402987449896,36.5805240464397,10.2104259235784,6.23562784679234,11.8133510077605,15.6338808599394,6.95638748817146,17.5742984388489,27.8110744664446,2.15366989880567,78.6399515497033,0.947970151202753,78.9296468580142,2.96947008324787,73.3438042830676,25.3007283678744,3.04584322497249,34.0327107068151,61.2495023291558,41.8145590927452,9.98570951889269,9.07257176982239,29.7806962172035,85.5282200872898,85.684027884854,77.4265074031428,144.310428630561,2.83588224754203,91.3811478985008,94.5148072834127,77.6312748133205,22.7699834005907
2.57759313314799,4.10826723226412,12.3220163988881,16.1439627828076,56.0098339710385,28.1110852397978,73.0637737363577,14.6941698249429,0.728999495040625,16.7871323600411,5.31265604717191,1.00278755615,9.6388725109864,2.42672537826002,12.3533957216423,24.377229118254,1.3185597146512,89.5086444402114,2.4006889629527,80.3570113610476,0.977016347460449,79.430707138963,29.7270858474076,6.43630412127823,64.0644486807287,62.8948677051812,39.8857604898512,20.7090529929847,18.0199489654042,16.4760438795201,81.0141501668841,71.6819583741017,94.7007825088222,134.234564704821,1.618021873408,81.157221661415,90.3371620946564,94.5777061849367,12.2180339498445
2.64779798712606,4.05799631122114,17.3703930361662,14.4764753512572,13.5663818684407,38.1307418551296,71.9113528169692,30.8287544292398,6.41080017434433,22.6134783914313,4.03934376279358,17.3880323985359,17.1924202389782,5.14516890607774,11.2082785062958,40.5142794479616,0.98495616245782,65.4412778140977,0.892930418311153,85.6637890683487,1.42941155983135,79.4334888411686,25.1945902977604,6.33923528948799,47.9849761165679,52.607777742669,55.4507285263389,25.2291133862454,32.7568087158725,32.8618600980844,83.1828845012933,84.9070505227428,77.738552878378,75.6648126873188,1.96982771815965,79.9168281129096,98.2251835637726,71.5699813899118,23.9676317111589
2.47788993798749,4.48268340202517,6.85879941494204,14.8915648786351,48.4834531135857,26.2492889445275,55.5568888690323,8.08428957010619,35.6355432537384,10.2601036475971,3.63898058852646,0.55602993327193,16.7865874120034,8.53609292022884,16.4012504790444,41.053233188577,2.4361304785707,80.1825573539827,0.672731513797771,84.632498184219,0.78189313079929,79.9253420298919,22.8553578502033,8.23589814454317,42.5763950962573,46.2504126597196,57.6540321391076,21.0823957263492,13.4972411692142,27.4979728551116,87.7959948405623,91.5360932901967,86.9439090734813,85.9720483492129,1.81998490309343,89.6442951506469,98.1181450001895,82.1721568750218,4.71118592843413
2.40603536894433,3.96306930740755,2.73101810994558,13.1709635525476,11.4754017884843,35.6155830156058,67.6070588361472,19.5270956913009,61.9594670156948,7.42060146760195,5.70381195261143,18.9878883834463,15.0649189120159,2.31058583781123,13.2862812995445,20.019338268321,1.42129504622426,68.5761785553768,1.85202165652299,79.0951228048652,1.46957278624177,79.9214708385989,21.2052234972361,9.53711249725893,34.1699155885726,45.1970660500228,37.8280209191144,25.52129761572,16.590774056036,13.3592948403675,80.3474199678749,66.6309935413301,79.4522793956567,117.663436562289,0.885359178471845,87.3092333599925,98.8030901504681,93.0687822098844,5.23491109162569
2.20612192048716,4.46187456035436,18.4908303890843,17.7179501682986,50.6472969031893,24.8632815480232,69.9792404100299,38.2775512721855,42.7378143765964,6.61218610592186,6.41232721705455,13.0999097162858,1.57465024536941,2.86889152787626,8.22786523355171,30.02257774584,1.00626597611699,74.8060365195852,0.488100973539986,73.8248930545524,1.67879763775272,76.9176191277802,25.6858777231537,1.66301660775207,69.666560580954,67.8923957049847,62.0797874778509,34.6375730007421,12.4901472390629,17.4134715911932,84.0702931024134,66.3063346548006,78.129945658613,94.1722141648643,1.19253408885561,77.3241061007138,96.4297745632939,88.2585849950556,6.47067117504776
2.51266078285745,3.66792815360504,19.6022685784847,15.5009898776188,46.5644565643743,33.6258227936924,62.4483361560851,25.9171675029211,61.4787323679775,9.60789927747101,1.12469802401029,19.0603969955118,2.47638590470888,6.03949464485049,10.1324786238838,15.993153762538,1.39052609214559,66.7340490920469,0.790835467691068,81.8454046966508,1.96922600141261,74.099840815179,29.7813274618238,2.39485056162812,69.9829403683543,50.5224521178752,45.5539744812995,13.5396533263847,16.7067079092376,9.41408365918323,86.8959848489612,79.3769680685364,98.3054805852007,96.7187717137858,2.10895584657555,77.8623830573633,93.9539695787244,88.6109620670322,26.7469160901383
2.41958788706729,4.80411526730505,21.1184166655876,12.351979840314,58.285766193876,29.1054436471313,57.6863334421068,12.3448613483924,8.99834969546646,24.7257598955184,9.18815387762152,17.575096710003,13.7894669841044,9.74771615862846,9.28508975729346,21.2308095325716,0.873849737050477,73.670926928753,1.53675282304175,77.7351360535249,2.53945553564699,75.2027575299144,17.7939413662534,3.27104712789878,54.4476713705808,37.6910032052547,55.9383633360267,17.7875946580898,22.8397211637348,34.8885238305666,51.9371490180492,78.0295507400297,88.8536027160008,190.122806977015,1.08999354072148,80.1369478623383,98.9037620881572,77.5483552587684,15.764414297184
2.41588082422291,4.55532855137616,16.8274492882192,16.6922905424144,8.91537512768991,26.9008496031165,53.6914255190641,37.2106860089116,0.742132721934468,16.3343316456303,2.32596991059836,10.8564482297515,16.0541186531773,9.00730765610933,18.8114448743872,15.3989510703832,1.03042885486502,80.3347243333701,2.83651954552624,88.323453492485,2.4468873401056,72.8461574390531,25.0066660728771,5.58894500066526,40.0154534727335,57.4866570532322,40.2230281569064,22.5951623488218,12.1071381382644,23.4012233675458,73.7669100146741,82.819000671152,86.8755906503648,94.560349448584,2.6321497890749,70.2598481543828,97.046810190659,74.7115227614995,11.9582826923579
2.4955867993775,3.68352355005891,23.4541906137019,18.776314597344,31.9062402576674,30.3465537447482,62.1195052657276,34.2286037735175,45.0156458490528,16.7293818900362,5.58290759765077,4.71615664649289,3.86815025703982,5.15650248527527,7.15630168840289,27.7897643507458,2.03608347388217,83.7717014795635,1.97014012502041,80.7253627292812,1.52166807139292,74.7438508970663,28.4680435457267,1.63223363016732,30.0697578396648,34.3649994488806,32.7612821012735,6.55400005541742,8.63420161884278,29.3370696594939,82.1711725834757,66.66923787212,79.3420508864801,148.194497262593,1.44469850556925,83.9951445511542,90.6673848535866,76.8199098750483,27.903117811773
2.62401666473169,3.5736566554055,28.407182547031,11.709236796014,58.4111334057525,41.2161435186863,62.828161790967,6.95137514034286,32.5142262387089,12.9877228569239,8.61271517083514,14.5361349519808,11.2129141085315,8.80520476773381,7.16073612961918,24.4257362745702,2.853844890662,72.3479015752673,2.7376606031321,75.6895687431097,0.892588573100511,84.9541323352605,24.0774084208533,11.7706338984426,53.4848519321531,68.7329744268209,50.6489496678114,25.2902839183807,35.381347715389,14.1316422410309,80.9458844549954,92.3450638703071,80.0255938223563,74.7954007540829,2.18727452016901,87.056431499077,98.4435100178234,92.740589705063,27.0954274963588
2.62106329909525,4.3774381783888,8.14961938513443,16.1680522887036,28.9255090290681,33.2389216218144,63.9435792993754,29.5095019729342,70.0901401368901,19.7921691881493,6.47125991270877,16.1196575126378,13.404694966739,7.16277805715799,7.79895918467082,27.7881794935092,1.56667386915069,94.8541219125036,2.05708680587122,79.9611150240526,1.2398201514734,87.1910858387128,15.742440627655,9.59291751007549,42.8107283171266,53.4390312526375,50.3981476742774,9.34857490262948,29.9891124931164,10.7867153654806,68.2622435968369,61.4357548067346,86.1162128325086,97.6549844513647,1.32031197549077,73.0569675203878,99.4939810689539,78.7187780765817,13.7656143533532
2.59907737385055,4.74241265287371,6.68598131928593,14.9403840000741,44.6209091984201,28.434974513948,54.6326200198382,22.0881767547689,38.8131975545548,17.4890044145286,3.63633655803278,16.9496205259347,8.68983365024906,6.65886647626758,16.3108331530821,21.5562581224367,1.6553679414792,68.7139623076655,0.508741460915189,82.1550327679142,0.553615938290022,87.559080789797,21.759602461243,3.04336339887232,52.9346137866378,51.6098406910896,55.0446218904108,20.0234475466423,32.3706127102487,34.6807825849392,60.4980988614261,87.5804608769249,87.4889011012856,145.490088879596,1.70780306006782,84.1262571851257,96.9545248709619,80.4141337622423,6.56770149804652
2.17200259749812,4.03437106475139,7.8832930449862,27.9570413881447,55.1387111120857,24.070812324062,87.449657721445,48.758872350445,73.7944467016496,18.2457592571154,0.869867957546376,8.00756956962869,3.31187131011393,2.6900448910892,15.191804212518,16.9416116271168,0.521238837274723,76.2468687444925,1.30689996905858,83.0407014582306,0.589359388279263,77.4803392263129,27.2751656058244,10.6793132605962,45.5741492565721,54.1929396428168,59.7896913439035,35.6792783378623,23.1864397102036,10.3390953163616,52.1283732913435,84.6666455734521,87.1421352787875,111.391851413064,0.94765021011699,79.2516209289897,96.8336484581232,76.4496618811972,23.0315214025322
2.23633636256677,4.69095018741011,12.1870497358032,18.9123728242703,30.3556903102435,26.1488748993725,70.8158822450787,37.2265733615495,76.1327954521403,18.3687566407025,5.85359250183683,10.294236411457,19.5689400829142,5.90122485905886,12.6031404719688,29.1829986381344,2.10777142312145,80.6940199399833,2.91055018414045,82.1948521956801,2.32034735666821,81.4952605310827,24.1271535179112,2.28770436230116,50.6628540437669,64.7145098075271,47.9213853832334,30.8437359323725,35.8157921228558,13.5300394543447,57.9316162317991,83.2257107680198,97.7201362457126,90.2463673008606,1.86316635424737,89.1263453860302,94.3494769535027,94.2410996172111,5.83525456138887
2.30071584521589,4.41872753730127,16.3215233464725,16.6527688119095,46.4718908595387,27.4099993053824,63.8966771494597,33.6278746277094,62.7419511415064,14.3111071176827,1.23397090623621,18.0131958401762,8.91061922116205,9.63989742286503,19.3225036005024,29.2592248530127,2.84259029070381,94.6731739083771,1.26054520759499,89.6213486790657,2.20539343490964,84.3628424499184,17.2779425082263,4.94519993010908,58.1697267759591,61.4664545934647,50.6536180526018,16.8302266721148,22.9084200207144,16.9520285627805,71.1078633461148,66.8305814894848,77.9529981408268,195.755372820422,2.10835596104153,76.1662548279855,92.5362298847176,92.9415815672837,19.6452013156377
2.73797915053092,4.16508551038617,12.3236188855954,16.7733061441686,49.3749197886791,33.690611505881,78.6973006930202,27.6753894169815,14.7078522085212,21.8010909995064,8.92082354519516,4.52416674734559,17.4642755773384,3.6865041218698,11.8195333054755,27.6144943828695,0.960643064696342,68.4520011546556,2.48698342719581,74.4114748993888,1.05643552500987,78.7255981657654,29.3209052737802,2.86901234020479,36.7708037141711,33.4867657162249,47.25625699386,32.5965899592265,15.177213949617,11.7273675128818,80.553318457678,73.5605622222647,97.0161145895254,79.9124631239101,2.83878400881076,71.462966715917,97.8338916832581,75.6820437835995,28.4972749571316
2.49913549930298,4.50383650442737,24.373405265389,15.9977649908978,21.9959779002238,30.0847426056862,58.7064839620143,37.1345132950228,66.0717485100031,11.5163563191891,9.54093823442236,15.3671710228082,3.42629932553973,8.61520152539015,19.4607594625559,39.7729523805901,0.266974302241579,65.561527084792,2.08125758316601,80.5991315888241,2.19082015834283,72.6349637284875,27.874652389437,1.21994769154117,46.7543090227991,40.9427679516375,65.5086646787822,10.9132773000747,10.1561656650156,34.4992368696257,78.4025347884744,86.7259328742512,83.8900480244774,81.3172395038418,1.35643431753851,85.6343267881311,97.3792307404801,75.3126626531594,8.35426719137467
2.65955135796316,3.69827598338848,14.6939831087366,12.4011370667722,50.5855745240115,43.0720896460116,89.5714815985411,17.1978307235986,25.3079475159757,9.99369790777564,8.84608018992003,18.6052745626075,10.7345305954805,9.18532797135413,13.1745961748529,29.2626650445163,1.25630193809047,63.0284156126436,2.29431601893157,85.3845570608974,2.92331057455158,88.375343400985,22.0578035130166,10.8787438725121,56.8278235476464,59.1182907950133,54.8955340590328,27.8642346467823,9.78213343210518,35.6988624958321,73.4855685848743,68.9728222903796,95.8790144051891,136.756204408593,1.90566448890604,90.3876660321839,94.5857873349451,84.779866556637,8.91579935164191
2.62674678687563,4.41066359294862,11.810714707477,16.7515239992645,48.5060487966985,32.1785521879792,51.7539337277412,49.3460508086719,28.9066655072384,9.68305319081992,7.74304564937484,12.7397638666444,14.8268930487102,9.67939713597298,15.3785712500103,19.5932871219702,0.980231138586532,85.2359353390057,2.56942203745712,79.5205302536488,2.8797287606867,88.9717607013881,20.8629657968413,3.64132643328048,61.1767142731696,41.2434120941907,46.9332200754434,13.3206489824224,19.0768062048592,12.6521649258211,60.8742149733007,92.3085610778071,96.6590945590287,71.4549224381335,1.14390286774142,73.7049672275316,98.6348720523529,90.7756382063963,23.6950208982453
2.47674057062514,3.75504231622937,22.0129865785129,15.9811263694428,17.5312761205714,33.8989302609116,56.3226923067123,36.60091247526,14.6833453467116,14.3855106597766,4.243672650191,8.99829348234925,12.9595783074619,4.87518628872931,18.9420266221277,41.1792484740727,2.91359562583966,92.9378123872448,1.46528728742851,77.5868468452245,1.5472358087427,84.8294460261241,18.9716118865181,8.95817108429037,63.6529800109565,62.8144541010261,35.0237309467047,9.19180152146146,33.8392250700854,31.3767750528641,66.684160772711,94.5689712534659,70.0925249850843,150.284834695049,0.74539085366996,70.1972483762074,95.4561158176512,87.9498929472174,12.208426423138
2.2442233141919,3.68881206925513,5.89056819840334,17.4210532323923,7.6330992183648,31.4761916641146,82.0535524375737,33.6670477036387,31.796094509773,16.396401762031,6.55790163634811,12.5498260732275,2.7760437693214,5.42851188778877,18.0512970781419,42.5815603206865,0.516440781299025,80.6806910643354,2.7110155413975,86.4228782895952,2.58614083169959,87.9099008673802,16.6636653256137,4.52042725984938,48.4208743646741,35.2578862942755,31.7203098442405,27.3868446205743,4.36202018242329,34.7156474080402,74.0196480043232,82.4294066173024,93.2021072809584,80.9248093143106,1.53303428826621,75.8146718947683,94.5781892864034,84.1268713749014,10.2609125494491
2.35815609989,4.14939574642623,26.6242389914114,20.3346961992793,23.5834933409933,27.5560533814132,64.1990848537534,48.8251079618931,31.3923701061867,14.2292459262535,9.12936055986211,4.73639227065723,7.04918662365526,4.62933162599802,10.2971076611429,25.0931069534272,0.645017399510834,66.460124644218,2.08861903642537,84.3348680203781,0.538539259345271,78.639559741132,19.1045244550332,9.69035090436228,31.4242887124419,45.8918864745647,64.5735865086317,7.70844269334339,20.9478758927435,4.50790154188871,78.2394644804299,72.0990436174907,83.904047541786,137.75918290019,0.489726605359465,83.1354602519423,93.5992699395865,72.4119723995682,10.9430877889972
2.75947104828646,4.43082869253332,10.4147959249094,16.5673665236682,16.4010174502619,32.3665267135948,67.1976894699037,31.5243927028496,42.0639967010356,5.65555678214878,6.71457607508637,10.3788084464613,15.5536290135933,9.48670586012304,8.57378834532574,20.8285088930279,0.730526256724261,68.7982793268748,0.304358080495149,85.9300922695547,0.410773987590801,84.3319822987542,24.2931021458935,5.47664076602086,43.1724143400788,37.1829129941761,46.9114395137876,3.19175212085247,29.1350356237963,34.9350974271074,88.9877503551543,65.9290601976682,74.5341317036655,85.9257678757422,1.20214664394734,85.6172321934719,94.1339882300235,74.5815120160114,5.05100195435807
2.09885039908448,3.710048180492,4.67012726725079,22.1445989166386,25.6377101037651,24.0761785302311,72.9853001981974,32.5882286729757,85.9725818806328,17.7238499233499,3.19684878352564,2.76098965923302,0.644809151417576,5.61978807486594,19.6077048995066,28.5196472704411,1.13643666461576,90.3803251322825,1.54533790436108,79.9341486766934,2.96662042062962,71.0974926827475,18.6802011402324,11.9511431267019,44.251322997734,42.2819478623569,44.6419666614383,10.1705890267622,32.2656685402617,14.1617777631618,80.2614394109696,62.3824928980321,90.0722486246377,74.3285930482671,1.89681913587265,75.7374367373995,97.8436882328242,88.8459962024353,7.93129732995294
2.37802742968825,3.84634507358383,25.6545761700254,18.3448376192246,24.5985698141158,37.4049500189722,89.5159325748682,41.4363807509653,45.4943400900811,23.0217500124127,7.6420931450557,17.9595996298594,10.5604027279187,3.05752978660166,16.2019227428827,43.979113670066,0.317234111367725,87.7041937049944,1.49730191199342,81.8698739912361,2.07018174417317,84.4141849782318,19.4786190544255,6.14899385813624,52.2503072209656,49.9872803036124,54.4906342960894,11.5362621194217,26.8593898336403,3.40690167294815,61.6959457751364,85.9994751412887,77.1589150193613,157.210199059919,2.15269547642674,87.5404633919243,91.4127622172236,70.051926530432,28.5888495114632
2.4075605219704,4.61206986784442,28.7246945740189,18.0407452723011,39.8041569604538,28.8564775697887,78.953314376995,36.8124609615188,57.5226645707153,23.1123701902106,9.1793342117453,15.4225841475418,5.58103155880235,5.56650878489017,11.3830603000242,44.0725086489692,0.797648350999225,76.6835548786912,1.59336123062531,84.3382895551622,0.301186489348765,80.3854338265955,23.5288685665,2.66611314960755,39.4947100710124,40.6399988662452,63.4673298057169,26.1071933167987,8.94836948113516,23.8422932932153,88.5257245320827,82.1697797824163,77.6932444931008,128.175840906333,2.51021209469764,81.5452875965275,94.2106877546757,94.3387544411235,11.0606368451845
2.34118141198223,4.77924730787963,6.10631049657241,17.3677845543716,52.148199272342,24.8514428548515,68.9098091423512,30.3670715854969,66.3364003971219,12.1372130420059,1.57972425175831,15.6209519346012,9.4328631083481,3.14142877981067,13.5998837286606,16.6834668628871,2.58499003149336,60.287048300961,1.83133795316098,82.8131443401799,2.59860713378293,80.1125880610198,28.4166726109106,9.49604246416129,66.0671895928681,53.9220380410552,44.3788386229426,20.0601778530981,31.7977837184444,17.5731714859139,81.8315762002021,61.5510140825063,74.8631149891298,170.778789168689,1.52606467873557,72.4324532714672,90.2780179097317,85.1449994184077,1.89189470163547
2.7965506857388,4.66261802741078,17.7905368446372,15.1733612001408,18.7202325311955,29.6349823474884,79.1349207796156,16.3407117535826,18.7132898974232,7.49844016507268,3.0479624310974,17.8713564955397,3.2612675530836,6.03462476283312,19.8311929064803,15.7509872806258,2.2292831831146,86.9438377290498,2.10886516759638,79.6127420291305,1.61481152521446,70.0109473057091,20.0981354468968,5.7939404102508,41.0783760994673,41.6686853393912,30.9364710189402,22.277810955653,27.8076123115607,26.1438840322662,61.8524237629026,61.7785891890526,72.1523305496667,140.037538600154,2.57704070891486,70.9122969931923,99.4252362870611,85.3443789517041,29.7020940466318
2.40259211295957,3.86785299749982,26.7360973535106,14.3862136569805,19.3642545375042,34.5309810247272,87.5800442881882,13.9547673298512,50.2753672655672,21.2975626764819,9.56174539017957,7.96381022850983,14.7774732662365,9.85198049619794,15.105149445124,41.8641425971873,1.60059783613542,62.1163507166784,1.37765064521227,73.2527988823131,2.47886342083802,76.9169546337798,21.7527710355353,11.9933414917905,59.7357810661197,65.0132010597736,48.3390730433166,12.7334144865163,20.8845863621682,22.562655657297,84.0808118041605,60.7384044281207,80.9113705982454,141.905225410592,2.10004662838764,76.9251002976671,90.6572311115451,90.3228084894363,22.7794410781935
2.22106814166254,3.90859621509272,5.24631443759426,13.8467769511044,31.3341664569452,30.3708600066602,70.8568569924682,11.7141848150641,64.4959583203308,19.8417748976499,7.51258051244076,17.5546747288899,2.44148202368524,8.86686390265822,17.6441823097412,17.8510173107497,0.700740607688203,85.6006962188985,1.97495601547416,78.4170981030911,1.39982612960739,88.0107336957008,17.6727047120221,4.93413604074158,58.1369434017688,31.6558708995581,44.3122327886522,24.5134070995264,16.9770667348057,11.5948532328475,63.0714188981801,73.1842916330788,81.0385540071875,163.882326460443,1.36007914150832,78.0860317393672,91.2183476053178,79.424642130034,22.0017007256392
2.12994500648751,3.73354164639792,10.9639323712327,14.6202985278796,59.0821567119565,32.7746024541557,83.124464629218,22.3830117913894,50.6429421762004,23.5713386302814,1.54116943909321,19.2314897001488,16.1581870274385,5.96040606684983,14.1184827543329,17.0453765499406,2.9749374181265,78.5319483629428,1.87181881716242,79.7091061715037,0.353539212956093,83.1708921911195,25.7838831504341,1.00630379840732,42.2730277478695,68.75951689668,47.7995570842177,19.5429690789897,3.44763190438971,7.35278431512415,84.0109238401055,87.7355070947669,90.691989690531,179.409455910791,2.62666524079395,93.0391437769867,97.3024841235019,92.2429585119244,24.6306272444781
2.50667485732257,4.07103971922493,28.5202474195976,15.9008633345366,19.1197974095121,31.1895854026079,62.341769952327,30.0000938435551,18.8705161074176,15.4592527681962,5.52917120710481,9.11946326436009,9.41837542876601,4.70355845801532,18.4964561867528,42.1812329767272,0.415660236321855,91.6490834730212,1.84520503587555,85.6466266326606,2.58964585664216,79.7036497900262,27.373803507071,6.46164702856913,43.8082299381495,45.2951689902693,51.5650615934283,21.7022356148809,30.8739461153746,21.8738381699659,57.2986282873899,75.5585503496695,70.7488478478044,154.946906554978,2.24998308822978,74.5174790197052,94.504633047618,79.6025835082401,16.67426583427
2.65697572152376,4.41819528313265,3.13728574151173,17.3101229965687,11.2699574627914,29.3092907220125,56.4022816810757,15.8141630375758,65.2669378020801,21.4575445093215,1.02588686475065,7.47213642217685,16.9335126586957,9.91735106520355,16.6922734493855,28.5825957823545,0.670961948635522,84.6978608809877,2.61964285839349,86.1867270153016,2.1578219034709,74.9245779728517,19.2800087970681,2.28240951872431,36.2122458871454,63.9939276967198,38.0803555529565,2.37554346118122,17.9250149386935,7.48915589810349,88.479922618717,66.6160978190601,89.4006401945371,133.41296283761,1.18227052985458,90.5666845256928,97.780556390062,90.5981469596736,27.9232466388494
2.7299751383142,3.93769317277101,1.8410009953659,15.4652853682637,12.147949176142,33.6525600962341,60.7071261201054,20.054241156904,33.7735050567426,16.1094733187929,2.56592400290538,14.7943634776166,4.81260871677659,7.46115352585912,19.9322479243856,24.3489990569651,0.646976212854497,71.5229365497362,2.43602573254611,81.0345604084432,0.798284150718246,75.6497090356424,23.2478853303473,10.4045418354217,33.4866627957672,31.5712263900787,45.971889840439,24.6484998080414,2.48413028009236,32.2871978329495,75.970555646345,65.45913846232,80.2220324729569,108.158777554054,1.69717268669046,73.484301205026,96.537989450153,78.2308265147731,24.6765979893971
2.0913152315713,3.76961159012002,28.6605270041618,15.0741156830918,51.0000682959799,34.7692186292261,76.2441046349704,41.2392889941111,29.6867165341973,7.1453167218715,8.23653171560727,16.5034839294385,13.578955149278,2.12652903050184,12.0013206482399,42.4656628444791,1.36890291055897,70.5592696892563,0.95356398448348,76.0199348116294,2.11888262629509,83.6095572449267,29.4862025196198,1.79608602193184,39.2028668802232,49.8925971146673,49.12676775828,32.5853928891011,27.3166417414322,17.3854273092002,59.3804599717259,90.6841489754152,94.7309010173194,133.031766247004,2.72929211333394,82.1990786632523,98.1691050669178,86.9890568358824,1.31159602920525
2.38948197571989,3.59377472612031,21.3676712003071,14.4330395723227,46.100074070273,40.5660355929285,79.9532544985414,31.1824580864049,29.382296979893,17.3523349501193,3.39535161387175,18.1533727551578,17.0923085242976,7.02435124851763,14.0287312967703,39.1841400205158,0.752120918128639,93.687724218471,2.36965300841257,78.6250329436734,1.10814098396804,83.02209477406,26.1180477181915,8.67071857815608,57.1580792963505,33.947981800884,69.0653255954385,3.22132353228517,9.66644907509908,25.5576406919863,63.7753449846059,67.7532593545038,71.5755856770556,122.068646019325,2.64155592548195,93.1743507785723,96.7002197774127,77.5560170575045,6.54077880037948
2.69795644656664,4.10553883581652,16.8046794019174,16.1774592194706,52.5416786328424,37.5083770696074,86.1807673051953,33.1693112873472,38.4598646289669,5.58926567435265,5.85256763536017,18.3531078136293,14.9204812668031,2.17152206227183,8.92410768498667,23.2580456812866,1.78102067339933,67.5226070196368,2.24880410655169,78.8325145980343,0.918426781252492,75.7971253152937,16.8522058508825,2.03341929847375,46.818205229938,69.2051086295396,56.1643663514405,26.8105321309995,31.6347760199569,25.0617603070568,85.4953474551439,81.7179817229044,86.2977659162134,72.363904917147,1.2044661383843,85.0832681450993,97.8161986288615,71.5608614718076,18.3553150850348
2.33911771067952,3.62882147285459,29.1241316576488,12.1526626858395,58.1346180511173,36.0399741027504,74.465967360884,7.70319134928286,1.64378022775054,15.0890977866948,6.88249111885671,9.49183493980672,18.0745151035953,5.85606467910111,15.8163634461816,31.1813922878355,0.257307500345632,76.0485034587327,0.376712266006507,72.4570015724748,2.25529230490793,71.9610975869,17.3552646150347,8.02375485235825,52.0602893363684,64.0020650904626,65.1511568482965,13.632060891483,20.6423148219474,21.5481312987395,69.7190805803984,81.7118828429375,95.6503775082529,74.4109785952605,2.68888701481046,92.5551488052588,92.9828543285839,73.3760933380108,28.6670455245767
2.67381809414675,3.57819942502506,22.2118792959955,13.1785254110582,40.9014914324507,41.3615852128714,54.583047721535,15.3234864049591,68.4925857698545,16.1051151063293,2.07096597622149,16.8879640166415,12.5220966895577,5.15349341742694,15.9041578515898,42.0552829024382,1.23557970050024,93.9108526939526,2.34517976338975,81.4888376323506,0.772212755517103,86.4668528549373,25.3541279223282,7.94366208999418,39.7090549115092,33.9397720247507,66.812439719215,6.32720122952014,20.1434029075317,29.5161843434907,62.4414730165154,67.9804609890562,91.7111981704365,111.911081662402,2.75364583393093,75.4775370983407,95.8386221318506,88.6511830310337,12.1762859611772
2.26931738906861,3.52563396339284,1.29300050693564,12.2536651021801,17.6866691943724,35.5395473539829,70.0855293124914,8.36891976534389,13.0520368251018,24.2827946459875,3.14479347225279,17.9358355139848,9.99727291346062,3.39661899022758,10.1966893423814,25.1106285606511,1.70875764131779,79.9076036538463,2.9247728768969,88.4932905575261,1.59619390586158,73.2430637674406,23.6904711218085,5.75611270242371,65.9324897546321,37.294106585905,32.9802431166172,9.99012259207666,35.6431824187748,33.7497732415795,70.718836914748,67.0908681466244,94.8800322660245,109.093276548665,1.75354201020673,91.8126795254648,99.799592718482,89.5186196244322,10.6832070939709
2.11554224751044,4.36548202992686,6.13541289675049,14.8337737424299,15.1487481559161,26.5003170445561,86.093069575727,16.7189910879824,67.5587440445088,16.2854665936902,8.36370860005263,18.1657347914297,0.841280207387172,3.66660304553807,19.0662723788992,32.7183232479729,0.699985268176533,92.7541710739024,2.2972561850911,79.8921869928017,2.30916614225134,88.0786434933543,28.9962638891302,4.61169386119582,42.8100984822959,34.605617094785,44.4320956710726,20.6179056086112,3.66025128448382,22.4587391184177,77.744660852477,72.7733215352055,80.7095584396739,198.513452815823,0.719713593774941,70.284428166924,99.2941494216211,90.597150240792,3.62025431846268
2.34310547251288,3.83429042409156,3.35424242983572,15.8880746527575,10.5721297569107,33.3199884463102,89.1507458221167,26.9847880594898,40.0318560772575,11.5373774431646,6.8651440840913,15.0976948342286,7.51709024386946,4.48961332440376,9.84906825120561,31.9539785175584,2.45956838136772,87.9876686132047,2.81498250586446,80.638758931309,1.66262221371289,77.4366977531463,15.3582467848901,4.26584056322463,45.9940950758755,37.078900039196,35.6278571579605,3.3985914804507,19.0801947917789,6.88883193070069,80.3898691292852,75.1073217880912,79.2172249895521,93.1925026723184,2.08940208487911,70.4073604184669,97.9967862553895,88.1572884204797,24.8110673476476
2.65451378084741,3.99602660413421,15.3311449887697,17.7955720725004,5.25224491837434,39.8393331840634,86.6108873020858,38.0474768939894,32.584662178997,23.7495473632589,5.94603912136517,16.9664671514183,18.6988785805879,9.70046306401491,13.5610464611091,34.5949061284773,2.66466533363564,91.0295964148827,1.40351538226241,84.9534310586751,2.39767105667852,74.3629269627854,28.5603407293092,3.47830610373057,61.8599755782634,54.8941592220217,34.4318694621325,8.52480149152689,21.4546925388277,15.193895988632,57.7974926121533,84.8874438297935,87.2498047058471,145.584837838542,1.31384960684227,82.8419430635404,95.6290209130384,84.7870007145684,21.9127207018901
2.74512190736213,4.58942338752376,9.21417227946222,15.260350308381,46.6188100271393,30.6774420104921,52.8817861154675,28.0677121691406,88.7745881150477,8.27085943892598,6.90353891730774,18.0366810653359,2.86709122476168,4.68395635299385,13.3580404506065,15.1975691411644,1.57019087957451,65.8273445663508,2.66695076110773,86.8380080442876,2.52295470313402,70.3446121932939,18.9057050237898,4.48082651011646,63.0853427853435,60.9273297898471,46.161203654483,25.7840771393385,3.8638890706934,19.3614522751886,75.8240641560405,74.4035796029493,91.0656939025503,158.283138484694,0.776161747809965,71.9897600403056,94.9890314042568,94.705063959118,26.5945376944728
2.37238374552353,3.98229509062763,17.9673974157777,15.9582813165616,31.6106100741308,29.9300857633352,51.7013214249164,24.6299252938479,68.8980869273655,23.0597820784897,1.29903549712617,18.9473965271609,1.25212000962347,3.63574806042016,12.8202852751128,30.8881403482519,2.61471792368684,94.8762838856783,1.80800867202925,82.1212404640391,1.45521778642433,78.8623587368056,15.8951085142326,4.55880463891663,40.9169485699385,31.1189535818994,38.378494028002,13.095314944163,11.4482848737389,33.3924788678996,86.4508166909218,93.1603489711415,85.5881133286748,89.8329581297003,2.10333882411942,77.2365969594102,96.5550688980147,71.1683162185363,12.6265054361429
2.80379710644402,4.05227039935871,21.6869321195409,21.0235956229735,45.3177718934603,37.2500371001661,88.9724991004914,45.4582207766362,12.7566576772369,5.36817082203925,1.41638282150961,19.0373881051783,15.7382760103792,5.03141007013619,19.4029798128176,16.9401431735605,1.37507022084901,76.1336288659368,0.361194659140892,83.7730479286984,2.90060832124436,71.1546121491119,15.5314182071015,10.0287901253905,33.7064389232546,45.1815135776997,51.2855542451143,15.9304873787332,4.14410202624276,13.6500070157927,58.9839717000723,66.007416031789,85.1343927877024,98.5593993705697,1.54672409163322,89.993855379289,98.4380709845573,74.915391060058,20.3638256599661
2.72041985549222,3.60506600174904,27.2268577867653,17.2647506149951,41.862200446194,41.5219548996538,63.5852874815464,43.889235277893,52.6052549667656,21.514278925024,7.6123721676413,14.4990652695997,13.0063874082407,6.84632559493184,9.51416632067412,18.9895997056738,1.55832568596816,82.5604318873957,2.20183124602772,72.6702428655699,2.42320523929084,81.627765824087,29.9472572654486,2.44293319038115,52.3149847798049,60.2421423979104,65.0118470657617,20.9852360947989,11.3549720379524,18.4785864951555,65.5272511579096,90.404044034658,79.431263762759,132.915740620811,2.7166895235423,80.5952170619275,92.4768609832972,91.8244235729799,10.8137288638391
2.553081716806,4.64393715051777,26.4112933138385,15.1965655537788,38.3415191702079,24.903024667874,74.8092018347234,6.90449124784209,5.1168850902468,7.66249409411103,5.20745636464562,2.84578124003019,6.29884413315449,3.17502917721868,8.53647056990303,21.2433076836169,0.433235636795871,62.5642090500332,2.1228457656689,74.8272453388199,1.8477412633365,80.3041918948293,23.8377714401577,1.60099491872825,66.5808107331395,56.0994384251535,49.0581721253693,16.3434182005003,34.232866847422,12.529385719914,51.1907382681966,83.2752418413293,74.7758506913669,197.865882774349,1.14883513690438,87.5578555092216,93.948791527655,82.2274681169074,1.01231898996048
2.37311310837158,4.75532655484268,23.0038748944644,19.3926283007022,35.8598991215695,25.5194463953376,67.0003810245544,40.8620467945002,64.3100585415959,20.3928248444572,5.81111208011862,13.2878724102629,4.27792217757087,8.14756797626615,10.9317752814386,37.0364625588991,1.13676124840276,87.4453007429838,1.5413636675803,75.3534345282242,0.366873903141823,73.9136787131429,15.9182550001424,8.1586654833518,38.8941818661988,43.0678478814662,55.4950703401119,18.1825564815663,20.6684671957046,29.7771887707058,59.8036464489996,80.9235502942465,71.1999713734258,93.7111481442116,0.893334142514504,93.0224480153993,98.5498113906942,81.458743334515,14.1571333233733
2.20451502487994,3.59751133887046,14.3499343064614,14.5732638251502,54.157768987352,37.8668291028589,87.1804156620055,32.5865333911497,24.5703906845301,20.6062764767557,9.53123677382246,14.8753323846031,11.7287656336557,9.22297138907015,15.8753623114899,43.057493402157,2.96334873768501,69.3786953226663,2.52950406720629,80.5866294680163,1.24752811697545,72.3358728690073,15.5971032986417,2.07150148344226,50.7138379197568,51.3573450408876,60.2362865023315,34.1328481575474,12.5547233805992,24.0929228716996,75.8364833518863,73.1604947033338,80.6276999113616,199.724313151091,2.99195519182831,83.7456956552342,94.6490255137905,70.5190254130866,24.3372481344268
2.57855200015247,4.10945029420212,11.235116913449,16.3403084513266,59.3458163621835,34.3692920356989,76.8101001437753,30.4221976024564,70.0596972322091,14.9285684432834,9.88470886508003,9.3784550880082,16.248248519958,3.36589540168643,11.4844200378284,24.9509971914813,0.916309741500299,91.9065423123538,1.72931593924295,84.3884246610105,0.906728371453937,85.374133377336,23.1941941520199,10.7172790777404,58.8867002632469,58.6983815394342,46.123044481501,18.2552859189454,4.52649813285097,32.4472981409635,82.7905834838748,82.4958077049814,83.7962398522068,101.180419155862,2.51374010328436,71.998436555732,94.2880875058472,93.5387498745695,17.1415997608565
2.25490226219258,3.81320993428769,21.3442782110069,16.2400993879419,21.9964222575072,35.000037336722,74.4599993433803,42.2900312580168,41.639810395427,5.08951405528933,9.73630829260219,12.1050860914402,14.9298554126872,3.93999275378883,15.0494718069676,35.8487907238305,0.655799453670625,78.3981746796053,1.04373606917216,72.5368268415332,2.09715352120111,85.2382666291669,16.7469121492468,1.99698078469373,35.3446761891246,34.1319970693439,33.0958826653659,7.24742270330898,35.7563364044763,35.9694323090371,58.9173111505806,68.3635057555512,85.9050172490533,197.685121165123,2.37122216844,90.7829222665168,98.9224311080761,91.6338605911005,18.9838235219941
