"","detected_incidence","prevalence","API","bh_max","eta","covEDAT0","covITN0","effITN","covIRS0","effIRS","muC","muA","muU","percfail2018","percfail2019","percfail2020","EDATscale","covEDATi","ITNscale","covITNi","IRSscale","covIRSi","lossd","dm","cmda_1","cmda_2","cmda_3","tm_1","tm_2","tm_3","effv_1","effv_2","effv_3","vh","MSATscale","covMSATi","MSATsensC","MSATsensA","MSATsensU"
"1",3.24737920942399,2.23986056890365,5.17708153859712,14.0747751330491,30.313819765579,27.6914384122938,53.4167032316327,18.8132133358158,64.7687515500002,10.4488218389452,6.61988237767946,5.28680153668392,11.2388840339845,9.10795672796667,8.4759109087754,36.5641736704856,1,70,1,90,1,90,30,6,50,50,50,9,10,11,75,80,92,90,1,90,99,87,4
"2",3.2043480465015,2.29045952370202,4.77988972025923,14.3637322320137,51.3759053405374,29.1662212461233,57.4735449068248,27.4671782483347,10.9311352623627,17.8236385062337,3.26194325485267,10.1512193350354,14.7802850060398,3.66325964592397,8.78022548300214,25.3720716945827,1,70,1,90,1,90,30,6,50,50,50,9,10,11,75,80,92,90,1,90,99,87,4
"3",3.4054701288727,2.34226772474417,29.0027464292943,17.6046490657609,50.9629387618043,31.2921049073339,76.3520014006644,35.4592095885891,8.51077111903578,5.62874685041606,0.904015873558819,8.76818526047282,16.9954737471417,8.58084392547607,14.4595399850514,32.8662887471728,1,70,1,90,1,90,30,6,50,50,50,9,10,11,75,80,92,90,1,90,99,87,4
"4",3.2410107413366,2.45740726614016,13.1838615240995,14.8640409379732,46.6077268344816,38.7237702962011,50.8484718296677,42.8971687459853,23.6396781750955,8.47516543231905,8.16129431675654,7.06417798367329,17.2552312251646,7.55332465842366,16.1246599250007,24.4094804883935,1,70,1,90,1,90,30,6,50,50,50,9,10,11,75,80,92,90,1,90,99,87,4
"5",3.1397841420342,1.91801527359008,4.65955059300177,14.1622265789192,47.6414881856181,25.0400285981596,50.7470115087926,14.1208208992612,20.4477075627074,18.4766433667392,2.26610390970018,8.60619651910383,3.96772033977322,4.85845457017422,15.1242093518376,35.4281337163411,1,70,1,90,1,90,30,6,50,50,50,9,10,11,75,80,92,90,1,90,99,87,4
"6",3.64930970524264,2.63838977394177,19.5196067541838,13.2391345861834,34.1564304020721,36.6552754957229,62.9528834298253,22.099958776962,27.0306479511783,15.7993552368134,6.9623670745641,13.5205541477771,2.31493249803316,8.63413371145725,19.5811495988164,44.0046425024047,1,70,1,90,1,90,30,6,50,50,50,9,10,11,75,80,92,90,1,90,99,87,4
"7",2.64705240505759,2.56064155772218,22.6269353921525,9.69230452785268,26.0565669008065,34.7090713400394,76.9080676790327,8.81047466304153,46.720535850618,14.8265329189599,9.57928882981651,18.0868855165318,9.49541456776205,9.97483647242188,10.9583768527955,26.4509976818226,1,70,1,90,1,90,30,6,50,50,50,9,10,11,75,80,92,90,1,90,99,87,4
"8",3.12522882001075,1.87977866874274,1.36510240216739,15.5293258652091,26.4977516140789,25.0064951367676,51.2246695067734,13.3573239005636,69.3625659844838,21.4373913453892,8.93338213651441,0.846684409072623,2.10367129906081,7.51060257852077,17.6321206211578,43.487166648265,1,70,1,90,1,90,30,6,50,50,50,9,10,11,75,80,92,90,1,90,99,87,4
"9",3.04125620717254,2.83727385008194,6.28408085089177,12.3253508796915,50.7773987483233,42.4098382890224,75.4131274484098,24.4098554714583,79.3452692055143,17.4656911566854,9.64084880310111,13.4105372384656,17.3361389802303,5.71055218577385,12.3068801537156,36.8154130177572,1,70,1,90,1,90,30,6,50,50,50,9,10,11,75,80,92,90,1,90,99,87,4
"10",3.27659670204424,2.11442851918617,24.2578636456747,13.3577748469543,34.9126278050244,32.616913607344,57.3674859758466,9.11763086682186,13.271483767312,21.9631750974804,5.7201633665245,7.35093016421888,6.46784416993614,2.94774199835956,19.4537957408465,30.7809076155536,1,70,1,90,1,90,30,6,50,50,50,9,10,11,75,80,92,90,1,90,99,87,4
"11",3.07039836604453,2.42368771705206,5.2637013157364,13.9910248166416,31.0528793197591,33.2351237721741,69.3509463593364,34.2103347345255,3.32478865748271,24.1825023991987,3.55005224503111,17.3936612083344,9.68045909062494,3.91682444140315,15.1307741415221,24.7532979142852,1,70,1,90,1,90,30,6,50,50,50,9,10,11,75,80,92,90,1,90,99,87,4
"12",3.21372865310483,2.71995651071553,15.3381486400031,11.1018753703684,34.1811758012045,31.0361535474658,65.8917699940503,16.4216004300397,55.0442082853988,10.0108798174188,8.87908544077072,18.3117004038068,3.61681595328264,5.15166039206088,7.26148592215031,37.9939470696263,1,70,1,90,1,90,30,6,50,50,50,9,10,11,75,80,92,90,1,90,99,87,4
"13",2.94081829011361,2.76653331651779,24.46497642342,12.4080478469841,52.1813363011461,49.2328853905201,82.7703101560473,27.9354763310403,45.2147119422443,7.03662828542292,7.05626701936126,17.4980065709678,18.7880183358211,6.88035114854574,15.2893143652473,20.9884433937259,1,70,1,90,1,90,30,6,50,50,50,9,10,11,75,80,92,90,1,90,99,87,4
"14",2.91612902961494,2.35635767861419,12.7691126817372,17.7397509664297,8.29369037295692,27.0319039467722,89.6439568139613,41.0668166261166,36.8897064914927,24.8737065400928,7.96287112997379,17.1974467416294,4.91467193095013,2.19416812621057,16.4270995459519,17.3922781739384,1,70,1,90,1,90,30,6,50,50,50,9,10,11,75,80,92,90,1,90,99,87,4
"15",3.35851142077761,2.57982660342251,22.6872993484139,15.1559527032077,39.7822794457898,37.576480936259,59.838684508577,37.1845428319648,55.3526184847578,21.257172296755,7.08687802194618,13.5601713440847,9.52152637438849,5.9799711946398,18.5997037992347,29.5971910469234,1,70,1,90,1,90,30,6,50,50,50,9,10,11,75,80,92,90,1,90,99,87,4
"16",3.55932560909927,2.24814923687973,22.098043395672,13.9455593889579,8.59627330093645,26.9733827840537,69.3263285234571,15.7148546155076,7.97236164333299,6.36525913607329,7.50179404183291,5.87941090832464,1.60030958498828,9.21182815358043,11.4285643119365,44.6899732179008,1,70,1,90,1,90,30,6,50,50,50,9,10,11,75,80,92,90,1,90,99,87,4
"17",3.21675839774416,2.12355826437012,12.1650207967032,17.5025420100428,20.6794149219058,30.7635457906872,56.7053379118443,30.1894955919124,82.7655008551665,17.5829546619207,7.94158755720127,3.65709174156655,11.9852285581874,9.03038190864027,14.6551144791301,23.6918390798382,1,70,1,90,1,90,30,6,50,50,50,9,10,11,75,80,92,90,1,90,99,87,4
"18",2.91803470828757,2.11050624784054,11.4400301915593,13.7384678726085,7.02731785713695,27.5246313679963,56.3365713134408,16.0870863648597,56.7891469574533,16.9657067861408,2.88656141108368,14.7005995311774,8.5280009690905,5.64994379319251,19.9434819924645,17.0964165148325,1,70,1,90,1,90,30,6,50,50,50,9,10,11,75,80,92,90,1,90,99,87,4
"19",2.70283644947799,1.85770151768446,18.550025126664,22.7662464731839,37.9857635661028,27.2724083717912,84.0394557081163,48.8694197416771,33.4925340651534,14.735755501315,1.36844297696371,7.75128754018806,15.2296895958716,5.74205637723207,16.3984795056749,20.7525752275251,1,70,1,90,1,90,30,6,50,50,50,9,10,11,75,80,92,90,1,90,99,87,4
"20",3.46437323117751,2.53071583825019,17.8892810097896,17.1595652715769,39.9529122072272,37.0880650822073,89.2760958895087,32.8784753300715,19.2318092216738,9.6306029567495,4.03362872719299,10.3575612163404,16.0013970120344,7.00141138397157,8.96811025356874,30.1992760319263,1,70,1,90,1,90,30,6,50,50,50,9,10,11,75,80,92,90,1,90,99,87,4
"21",2.96143581952538,2.60292764716455,4.05226669856347,13.5826495790388,13.8114078505896,29.268926102668,66.3431549444795,37.7875667228363,18.6120295291767,10.97889973782,7.64566282765009,14.1732822047779,17.639072343125,2.9204681776464,11.7466895647813,18.9518729201518,1,70,1,90,1,90,30,6,50,50,50,9,10,11,75,80,92,90,1,90,99,87,4
"22",3.29774358743717,2.37137612370586,12.8493086837698,21.9625452952459,38.566406700993,28.8395220786333,85.1201150007546,48.2524973666295,59.1841947566718,24.7840275289491,9.29017833736725,9.82159186701756,6.67437879624777,9.87286335602403,11.1012515213806,26.3192072510719,1,70,1,90,1,90,30,6,50,50,50,9,10,11,75,80,92,90,1,90,99,87,4
"23",3.10239305208456,2.24524864519609,17.7415717982221,17.0197956718039,38.0262267019134,35.5131430737674,56.268075434491,48.3378052338958,78.089567553252,14.3063346203417,6.62249312584754,12.4729537365492,8.4026692424668,9.51640495657921,12.5325454971753,16.2894981983118,1,70,1,90,1,90,30,6,50,50,50,9,10,11,75,80,92,90,1,90,99,87,4
"24",2.90664770222197,2.44396084686022,20.0897191513795,12.1863751951605,57.2834144870285,25.3886026423424,79.7945090662688,18.2351989066228,79.5889256824739,12.1326130442321,7.45376229542308,14.7272472491022,11.2571481817868,2.26122763007879,14.2368876286782,22.819772742223,1,70,1,90,1,90,30,6,50,50,50,9,10,11,75,80,92,90,1,90,99,87,4
"25",3.09650778775132,2.01640190209642,8.92797099752352,16.5819618303794,24.8515098891221,21.9938924349844,67.9183473158628,31.0551577014849,65.8756091049872,14.1310308780521,5.95888541999739,7.0736304842867,2.62668875418603,6.10854346491396,17.3012058103923,41.7931437352672,1,70,1,90,1,90,30,6,50,50,50,9,10,11,75,80,92,90,1,90,99,87,4
"26",3.036295719727,2.43999765192801,26.0098884420004,12.9981505963951,28.7836672132835,30.2348702400923,74.6469868998975,24.6075199532788,19.6958170062862,17.3567126691341,7.01710628566798,16.1849084917922,9.17535151622724,8.81862343661487,13.3701877340209,17.4836512631737,1,70,1,90,1,90,30,6,50,50,50,9,10,11,75,80,92,90,1,90,99,87,4
"27",3.04140021041427,2.95093554166193,23.7153431861661,10.6048690353055,55.7185076375026,40.4481435380876,67.9403457604349,22.3508446558844,43.404688378796,6.52309532277286,7.77632792410441,18.2844775835983,14.9101718039019,7.79665555618703,19.5205093643162,42.2311933734454,1,70,1,90,1,90,30,6,50,50,50,9,10,11,75,80,92,90,1,90,99,87,4
"28",3.5406017204551,2.50166226049166,26.510840741219,21.1532604787499,32.5745227886364,28.7159478012472,77.9478177987039,48.3395215752535,24.7944362321869,15.8082805993035,0.900616842787713,7.1179476249963,19.282964094542,9.02524976804852,7.33723152102903,44.1935736243613,1,70,1,90,1,90,30,6,50,50,50,9,10,11,75,80,92,90,1,90,99,87,4
"29",2.77045442085914,2.64886544313562,6.85767061426304,15.0657944125123,45.8215940801892,39.4683867227286,72.6843941584229,48.5476454149466,85.9505731402896,8.06406097952276,9.75423347367905,11.8041382159572,19.7911950070411,7.0820687096566,10.0232271358836,28.586014858447,1,70,1,90,1,90,30,6,50,50,50,9,10,11,75,80,92,90,1,90,99,87,4
"30",3.46929440849295,2.3823806781625,4.05642266990617,15.2393575152382,57.9570762638468,33.0511792562902,65.5822417698801,28.0930658336729,20.5942843132652,15.0274855270982,5.45901223947294,5.03679282078519,12.2264279968804,7.82708469219506,16.8916305727325,44.6233390574344,1,70,1,90,1,90,30,6,50,50,50,9,10,11,75,80,92,90,1,90,99,87,4
"31",3.30465897868686,2.59653241299738,1.59244815120474,16.8600479525048,7.24932487704791,28.5898822639138,64.6223780699074,39.4117510668002,85.9812409733422,15.3535649320111,4.47110955114476,14.247904977994,13.1263977236813,7.04471975937486,7.8772230616305,32.4678919650614,1,70,1,90,1,90,30,6,50,50,50,9,10,11,75,80,92,90,1,90,99,87,4
"32",2.91080848652396,2.2631583601608,11.7687878964934,19.204385735793,56.2489960121457,29.9403338786215,85.0124803557992,48.1775278120767,55.9753402462229,8.08499649167061,4.55708562384825,13.7242568349466,11.6139384122798,6.02786739729345,10.3324162024073,21.4485431998037,1,70,1,90,1,90,30,6,50,50,50,9,10,11,75,80,92,90,1,90,99,87,4
"33",3.16897035526494,2.25067147063539,13.8008595472202,14.028679325711,51.3583253626712,26.4323691744357,58.1356503628194,16.8370404606685,70.3493061522022,7.55836490541697,1.82146001572255,7.57265751739033,18.5674248288851,3.87333744578063,15.9793161153793,30.8084550965577,1,70,1,90,1,90,30,6,50,50,50,9,10,11,75,80,92,90,1,90,99,87,4
"34",3.06752064811112,2.21298829187576,16.0317317089066,13.0428315291647,46.1794608167838,23.4542932733893,81.0565446410328,16.3999702059664,25.7324672117829,19.4904023502022,5.73017315147445,16.2350018488942,2.96016286825761,3.68560316972435,8.43196497764438,17.3133881483227,1,70,1,90,1,90,30,6,50,50,50,9,10,11,75,80,92,90,1,90,99,87,4
"35",3.42541642885121,1.96212437690612,8.63993172952905,17.3958845203742,36.1979403649457,26.3689449150115,72.0899526029825,18.4889934631065,83.1437435396947,19.0801058895886,5.26680365938228,4.44179685343988,0.544545716955326,4.08502099104226,13.289336365182,43.1264831358567,1,70,1,90,1,90,30,6,50,50,50,9,10,11,75,80,92,90,1,90,99,87,4
"36",2.87221938317507,2.40854298724871,24.6318569956347,19.6837671101093,24.3210505065508,27.5473203323781,85.4346844274551,44.9211900506634,85.37816304015,24.5072860457003,6.99653970403597,14.2077498227591,8.65591480594594,5.61867915280163,15.5917947511189,35.1586576527916,1,70,1,90,1,90,30,6,50,50,50,9,10,11,75,80,92,90,1,90,99,87,4
"37",2.91065513672988,1.65943386837816,26.603908438934,15.7418701460119,15.7638826232869,24.3657889589667,64.9895429145545,18.0242147739045,15.3194266045466,16.2472471175715,5.5749924647389,3.1771006626077,2.8612135394942,5.92751172557473,15.0212352680974,31.4095471194014,1,70,1,90,1,90,30,6,50,50,50,9,10,11,75,80,92,90,1,90,99,87,4
"38",3.27532080088366,2.49003836207241,6.69236542587169,16.4528854028322,50.5608939088415,26.6299297660589,62.1790550276637,49.4688097736798,72.3408168833703,13.6166425049305,2.68644777766895,18.7030696278671,4.50166213221382,5.11126312613487,9.16452365810983,36.6210164618678,1,70,1,90,1,90,30,6,50,50,50,9,10,11,75,80,92,90,1,90,99,87,4
"39",2.86627485481294,2.44656445017283,21.0719479811378,15.808354500914,21.9428612105548,31.2872549518943,64.1697100549936,46.2957120954525,58.7687990767881,14.2250564880669,1.20836895226967,17.1912655396154,17.1870090363082,3.13323800638318,17.2163166531827,26.1558403889649,1,70,1,90,1,90,30,6,50,50,50,9,10,11,75,80,92,90,1,90,99,87,4
"40",3.178383312007,2.54863548085982,13.5788678803947,11.7710293957498,59.0699081507046,29.5149967167526,58.0510944221169,16.8187383026816,14.2866560420953,21.8117417022586,2.26893195847515,19.8187109651044,11.4005843139021,8.25406354479492,8.38553953566588,22.0425901352428,1,70,1,90,1,90,30,6,50,50,50,9,10,11,75,80,92,90,1,90,99,87,4
"41",3.17177847743753,2.29933527284024,4.29502811422572,15.7439637649804,16.5313735522795,25.5813215114176,81.1050811503083,35.0447194895241,8.23879701085389,5.7751905778423,6.54067763802595,15.4703113171272,4.45686891546939,5.1744568105787,12.4364445491228,16.885723520536,1,70,1,90,1,90,30,6,50,50,50,9,10,11,75,80,92,90,1,90,99,87,4
"42",3.08179912491975,2.49275601806358,27.8880972706247,14.6863352542277,56.9448741676752,41.363671310246,63.6592162493616,46.0646229411941,31.1184994038194,19.6088143531233,9.93325637583621,16.1756495625013,4.62666728696786,2.88813520036638,8.80772970919497,21.4080015686341,1,70,1,90,1,90,30,6,50,50,50,9,10,11,75,80,92,90,1,90,99,87,4
"43",2.87600711590161,1.92162496601061,8.52461387403309,18.8718642247841,28.275040499866,21.6507111489773,56.1713519785553,45.826594629325,39.2503787437454,21.6723112016916,1.42977327853441,5.92346545308828,15.6833310844377,8.25096515566111,8.25400868686847,27.9968831897713,1,70,1,90,1,90,30,6,50,50,50,9,10,11,75,80,92,90,1,90,99,87,4
"44",2.52992463006691,2.84607806068613,8.48955172253773,10.1454948890023,36.7233306425624,49.8588813375682,51.9515404012054,34.6379058202729,48.5814481484704,23.87103009969,9.86834736936726,18.8375612802338,15.6410746440524,6.08360249735415,7.96071968879551,42.3762065707706,1,70,1,90,1,90,30,6,50,50,50,9,10,11,75,80,92,90,1,90,99,87,4
"45",3.36430760637776,2.43719210706554,4.83459987584502,17.6635637390427,34.8621484846808,23.6212392058223,61.6236766893417,43.4622173558455,89.7074586921372,21.0650831367821,5.88145806756802,13.3239110501017,4.01497913349885,9.24004186317325,16.8096273466945,38.1942186481319,1,70,1,90,1,90,30,6,50,50,50,9,10,11,75,80,92,90,1,90,99,87,4
"46",2.73005627475827,1.88862500159638,25.3055169600993,14.7314058349002,49.5538358564954,22.5865283608437,65.3867044579238,24.3697025615256,16.8523028120399,21.0425412841141,8.93641039240174,0.899119123350829,13.0291906412458,5.12113906256855,19.2346136239357,26.4637763891369,1,70,1,90,1,90,30,6,50,50,50,9,10,11,75,80,92,90,1,90,99,87,4
"47",3.37734695578184,2.43812279667604,26.86718304432,13.0649818084203,56.5516163455322,31.8096208479255,52.5604833289981,19.0701518498827,39.9984561000019,8.73928676825017,3.60518114489969,10.0234894851455,11.594297376927,3.01828392222524,14.4754807518329,42.0575282745995,1,70,1,90,1,90,30,6,50,50,50,9,10,11,75,80,92,90,1,90,99,87,4
"48",3.09428155753601,2.94487577564315,16.2814229079522,10.3853218001314,17.4794149002992,40.7955195941031,86.3013715390116,11.0046583774965,39.0762877464294,11.215730397962,8.70481988508254,16.1042081511114,15.7068903420586,9.32584065385163,15.7324933575001,42.4401547852904,1,70,1,90,1,90,30,6,50,50,50,9,10,11,75,80,92,90,1,90,99,87,4
"49",3.20593646282932,2.45597857369115,16.5762261550408,15.2059321303386,7.84031240618788,37.4665798898786,72.2894514165819,33.3968501607887,7.01387726934627,18.7553361523896,9.69927487836685,3.30649253353477,17.6207631520228,6.72862624935806,15.7118420237675,36.1064339568838,1,70,1,90,1,90,30,6,50,50,50,9,10,11,75,80,92,90,1,90,99,87,4
"50",3.50501023411123,2.78821205386417,28.0868134074844,16.1260442680214,34.6493260608986,32.9927745088935,57.686539394781,44.1797884611879,77.407673872076,17.2089848155156,5.96268147858791,11.3601489058929,15.0680848553311,7.92251768521965,8.32840302004479,43.3266576239839,1,70,1,90,1,90,30,6,50,50,50,9,10,11,75,80,92,90,1,90,99,87,4
"51",3.1392568643514,1.93685270930276,4.56013912567869,16.4459983608685,25.1296072197147,26.7089541256428,61.5140542853624,30.9106099267956,34.4702838663943,19.4328348292038,5.32427007250953,8.97513478819747,0.910497112665325,9.36488685943186,19.1453454098664,29.1787438024767,1,70,1,90,1,90,30,6,50,50,50,9,10,11,75,80,92,90,1,90,99,87,4
"52",3.31194854879973,2.68257483785284,16.4051859991159,14.7739108593669,5.9196399897337,40.914211794734,86.9589548930526,29.7860480111558,19.060853056144,13.2157120062038,9.04616380354855,9.36403290077578,15.1706744100666,5.70385897159576,12.6350472187623,36.237415925134,1,70,1,90,1,90,30,6,50,50,50,9,10,11,75,80,92,90,1,90,99,87,4
"53",2.29795852421805,1.24120941133909,24.8401913342532,22.8960562683642,37.0020361791831,19.9729571398348,75.4660600330681,43.7609483848792,55.646011561621,16.5598483616486,3.0053373738192,1.7962779593654,1.49113408778794,9.24667166918516,14.8155036226381,42.2229151055217,1,70,1,90,1,90,30,6,50,50,50,9,10,11,75,80,92,90,1,90,99,87,4
"54",3.15198972561993,2.3475387060038,11.6828266438097,11.8362151714973,55.7390971819405,28.7900720909238,83.3496305439621,6.94660839391872,88.9052882208489,6.56059978529811,5.34395933849737,14.0798639399,6.45366518746596,7.63018220663071,19.0681740739383,30.291006679181,1,70,1,90,1,90,30,6,50,50,50,9,10,11,75,80,92,90,1,90,99,87,4
"55",3.04487293645139,2.331111204724,8.04056940576993,14.1060824517626,55.0989403156564,33.2570520974696,52.3753251228482,40.033350889571,63.5710303927772,5.99984693340957,5.97518192150164,11.7229557743995,11.0515292497585,4.5123617015779,9.35270093241706,27.8563606878743,1,70,1,90,1,90,30,6,50,50,50,9,10,11,75,80,92,90,1,90,99,87,4
"56",2.7831641957503,2.03275315538397,2.12034475477412,18.1989018362947,32.7893031504937,25.375668220222,77.4711107928306,34.3530988611747,58.3664097008295,20.68180013448,3.77762433455791,6.60111903119832,18.6352575187339,9.46364811621606,15.0365056868177,18.5438397154212,1,70,1,90,1,90,30,6,50,50,50,9,10,11,75,80,92,90,1,90,99,87,4
"57",3.2236586333373,2.48689410848838,18.9796776585281,14.2815921641886,6.3955614308361,30.3108444344252,56.5615486633033,34.598580832826,26.6336358594708,21.4546145312488,7.46326174179558,12.2779912429396,10.1433745728573,8.80480905435979,14.1855959091336,28.4782802802511,1,70,1,90,1,90,30,6,50,50,50,9,10,11,75,80,92,90,1,90,99,87,4
"58",3.28302120594424,2.87399984954428,2.85069327731617,11.5197059849743,53.3337291760836,32.1028625592589,69.2802856396884,14.0560374944471,38.3997176215053,22.1296289656311,1.37670776119921,18.7908612894826,17.8101117276819,8.4918745290488,10.0678796004504,41.8781368760392,1,70,1,90,1,90,30,6,50,50,50,9,10,11,75,80,92,90,1,90,99,87,4
"59",2.98138100063207,1.83865549509794,11.5638931798749,16.7886999377515,31.3013334863354,22.5906590931118,59.6565302740782,29.0135589591227,40.8855717536062,16.6978600807488,1.86090691946447,7.22607353748754,7.47145640500821,4.54443675465882,8.04108517477289,32.0324867404997,1,70,1,90,1,90,30,6,50,50,50,9,10,11,75,80,92,90,1,90,99,87,4
"60",3.44375310425377,2.56439721621582,1.16911558108404,17.2702513122931,35.6864585215226,32.3446453269571,77.4729038029909,36.8316814512946,52.4486539629288,21.5010278252885,8.79604936507531,10.4108953074319,10.7288874885999,4.03182661347091,15.4081498591695,26.9744390901178,1,70,1,90,1,90,30,6,50,50,50,9,10,11,75,80,92,90,1,90,99,87,4
"61",3.28619851344834,2.87793181605063,14.6198428929783,10.6116490799468,13.5897759476211,41.5917093679309,76.2642132211477,13.3269804576412,6.47589690517634,10.1559684006497,8.39354587206617,17.2127171421889,8.82064636237919,2.28864992037416,7.46575369592756,43.0316981091164,1,70,1,90,1,90,30,6,50,50,50,9,10,11,75,80,92,90,1,90,99,87,4
"62",3.09848385676005,2.62947099670867,15.0116819322575,11.4361264731269,14.2416942981072,33.8947002030909,84.3826230149716,5.15547085087746,34.6938821137883,18.5116556705907,1.05985055014025,19.1917135242838,18.8556610002415,4.86841369047761,11.8102510380559,20.2341168117709,1,70,1,90,1,90,30,6,50,50,50,9,10,11,75,80,92,90,1,90,99,87,4
"63",3.04568923988051,2.5078888713102,29.2784108270425,15.1654159929603,15.5258005240466,26.0278101824224,62.3821569141001,35.4564475105144,58.5399732878432,22.8390314150602,4.96046357252635,12.5373541823355,13.7373722080374,5.54931246675551,18.9274445821065,40.1596901728772,1,70,1,90,1,90,30,6,50,50,50,9,10,11,75,80,92,90,1,90,99,87,4
"64",1.33567716728207,0.632757776749788,13.798481535865,22.7517805818934,44.961858446477,25.1639347709715,53.8786358386278,40.5647493957076,79.9354805611074,24.4598896149546,1.10022247559391,0.606704767094925,0.729507140582427,4.30983861163259,7.74266913742758,35.1906812447123,1,70,1,90,1,90,30,6,50,50,50,9,10,11,75,80,92,90,1,90,99,87,4
"65",3.12131286090962,1.92243946759426,16.7541841971688,19.5355659094639,58.0005746928509,21.7570159118623,63.9539287053049,49.2212416196708,44.3477990641259,15.8102128375322,0.838141659740359,12.7578711188398,1.9739733961178,8.72954332642257,7.49044503970072,29.0871936525218,1,70,1,90,1,90,30,6,50,50,50,9,10,11,75,80,92,90,1,90,99,87,4
"66",2.83977820521634,2.80099626993026,8.47692647809163,10.7216747279745,33.3081061963458,39.3731667287648,68.33351819776,23.4351271262858,26.3011429226026,15.3180081630126,8.24042619229294,18.5782744799508,15.5518776414683,5.79392111301422,7.8308283961378,29.2852975800633,1,70,1,90,1,90,30,6,50,50,50,9,10,11,75,80,92,90,1,90,99,87,4
"67",2.87227761056091,1.69781580034039,5.20062977867201,18.3640891429968,52.3437856789678,32.6191943138838,74.4011282082647,31.090656905435,33.9280602894723,7.54841671790928,6.23579418985173,2.04253978643101,8.91530100931413,8.92619912326336,13.7847906623501,18.8255116925575,1,70,1,90,1,90,30,6,50,50,50,9,10,11,75,80,92,90,1,90,99,87,4
"68",3.0511133310898,2.79995298472331,5.81190687185153,13.9712419570424,53.0456311942544,34.7850450314581,67.0043231081218,40.240183287533,57.4318618001416,20.0799742108211,2.61990494676866,19.7812896852847,17.6374332909472,7.3893725015223,9.61769192339852,35.0143168517388,1,70,1,90,1,90,30,6,50,50,50,9,10,11,75,80,92,90,1,90,99,87,4
"69",3.29789809698977,2.66900577640345,5.15470176097006,12.5944936310407,14.0242840454448,25.0018299371004,69.5082837715745,10.74668668909,82.3810555832461,20.5606788117439,7.66001414123457,18.6776825820561,2.28677508269902,5.79665943980217,7.89557750942186,36.6414678865112,1,70,1,90,1,90,30,6,50,50,50,9,10,11,75,80,92,90,1,90,99,87,4
"70",3.13523298929007,2.45003322361689,6.23041803878732,16.1652045301162,25.5237625027075,34.6569295786321,86.6664927452803,33.1520196725614,42.0885586529039,20.0645671412349,7.8794762036996,14.9051088026026,9.32677916332614,4.78912385553122,18.6292265185621,15.5720454384573,1,70,1,90,1,90,30,6,50,50,50,9,10,11,75,80,92,90,1,90,99,87,4
"71",2.77897169072882,1.95540864960642,17.0129939906765,13.4792169055436,25.3220854559913,22.694424027577,62.6445853896439,5.11956631904468,88.7609385419637,14.3336700974032,5.06000023870729,7.6017470988445,11.3375578908017,5.08619967661798,13.4246437049005,22.6527451328002,1,70,1,90,1,90,30,6,50,50,50,9,10,11,75,80,92,90,1,90,99,87,4
"72",3.00393427636031,1.86021138304306,26.7343471446075,14.8496489343233,33.3092277823016,24.9761081300676,88.0164208915085,14.3402930919547,44.391285572201,7.88568693678826,8.82267864292953,1.15734635049012,4.23642451770138,8.377904092893,11.5121654937975,39.4651392172091,1,70,1,90,1,90,30,6,50,50,50,9,10,11,75,80,92,90,1,90,99,87,4
"73",3.18269249809837,2.07057264501888,29.1307170102373,14.2707206250634,22.7412074897438,33.3654867950827,50.2019180171192,10.1013672328554,50.913296607323,17.4121156521142,5.64313053141814,6.55306354630738,9.78725170600228,3.06485865823925,8.84955097618513,24.3792553595267,1,70,1,90,1,90,30,6,50,50,50,9,10,11,75,80,92,90,1,90,99,87,4
"74",3.04003054169322,2.19213088996845,3.58987342379987,14.5761434384622,26.3557272020262,24.7739784512669,56.2599501572549,34.5547878718935,26.7200891976245,16.7401673272252,5.08231355738826,13.7305537030334,7.01421094394755,5.2105266507715,19.1690171584487,19.1162799624726,1,70,1,90,1,90,30,6,50,50,50,9,10,11,75,80,92,90,1,90,99,87,4
"75",3.37015437209174,2.55405343687364,6.86033331393264,13.1855025654659,57.643483967986,35.9474979527295,65.9249206725508,26.0194145992864,0.859105533454567,9.65261384379119,7.77829783211928,13.2747219051234,8.68169740738813,2.99740523472428,9.35782373719849,27.0809973380528,1,70,1,90,1,90,30,6,50,50,50,9,10,11,75,80,92,90,1,90,99,87,4
"76",3.04970449068251,2.62442079449924,28.8314971274231,13.2477472675964,19.9969353550114,30.0120244547725,76.0025113075972,24.5288422342855,74.8364585638046,16.0223429230973,7.7415602162946,17.4462744704215,9.05258477421012,4.25802924111485,19.502012996003,28.0928647890687,1,70,1,90,1,90,30,6,50,50,50,9,10,11,75,80,92,90,1,90,99,87,4
"77",3.15242533620436,2.48432276126089,22.2687264268752,12.648315296974,40.6217760266736,36.6403858736157,64.0434870868921,17.8125069686212,15.9490227838978,24.0569420903921,3.15831005794462,13.5455453837058,16.3193831683602,7.38779369555414,10.4792364842724,27.8563138260506,1,70,1,90,1,90,30,6,50,50,50,9,10,11,75,80,92,90,1,90,99,87,4
"78",2.97158790390471,2.15408308517742,29.0443798080087,17.770358948037,27.6791527215391,22.0186812523752,86.338062537834,28.0936951993499,83.7855543941259,20.2997970487922,7.46800732100382,8.49045126524288,12.1313764186343,3.62709550186992,17.129890115466,15.3844958846457,1,70,1,90,1,90,30,6,50,50,50,9,10,11,75,80,92,90,1,90,99,87,4
"79",3.2800822458998,2.15995445423111,26.8782004814129,17.4788480356801,38.0122344801202,26.1194179486483,54.4865036662668,45.2278969215695,61.4846511022188,14.5077934395522,9.160937451059,5.15836533647962,6.71804799628444,5.65920697338879,9.80615796940401,28.0309842154384,1,70,1,90,1,90,30,6,50,50,50,9,10,11,75,80,92,90,1,90,99,87,4
"80",2.88410206200736,2.01336964611023,21.6428315681405,17.4277236883063,52.7275859902147,25.3729504253715,83.6561675742269,28.6883114441298,82.6321961777285,24.5724461367354,1.87517494650092,11.4872944051167,9.01001469697803,5.72366997599602,16.5086573120207,29.231750308536,1,70,1,90,1,90,30,6,50,50,50,9,10,11,75,80,92,90,1,90,99,87,4
"81",2.86713125716038,1.79981910103598,27.0698396528605,22.3731506080367,34.5394292438868,25.234032375738,86.1089562717825,46.0892886086367,81.5048501710407,7.41196947637945,4.69927982450463,8.49792903871275,3.59626044495963,9.72125754132867,8.65070643206127,23.7313529429957,1,70,1,90,1,90,30,6,50,50,50,9,10,11,75,80,92,90,1,90,99,87,4
"82",3.24554348761498,2.28971980069544,18.0446942059789,15.835730812978,45.6922219798435,24.7305346652865,69.4563753996044,33.7923014373519,30.5483537586406,7.27404460310936,2.66636666632257,11.0369616581593,11.1542534440523,3.65848614834249,18.8312571463175,33.2690341444686,1,70,1,90,1,90,30,6,50,50,50,9,10,11,75,80,92,90,1,90,99,87,4
"83",3.01919825505652,2.81907981425844,11.974095280515,10.6805605301633,54.4415901903994,30.2846932411194,82.7966782450676,14.702087957412,52.3676271107979,5.8205540664494,7.87846244091634,16.7318981173448,16.0185229686322,8.11082331463695,8.4764443426393,32.0601036655717,1,70,1,90,1,90,30,6,50,50,50,9,10,11,75,80,92,90,1,90,99,87,4
"84",3.5356652576728,2.71512946524215,15.3368200990371,15.4164168226998,25.1349286478944,37.8025055769831,54.3358752503991,45.9484009386506,36.3283914956264,11.530485516414,5.29895365599077,14.9633239647374,12.8112767089624,8.73518615402281,18.050676878076,27.2111614141613,1,70,1,90,1,90,30,6,50,50,50,9,10,11,75,80,92,90,1,90,99,87,4
"85",3.58729437675084,2.77038391912702,5.36563859763555,12.2636799130123,52.7237036905717,36.5407769754529,71.3482323195785,12.1157357178163,41.9396498682909,8.82474816404283,3.22629532497376,16.0495708371745,13.2766986254137,9.33231579512358,7.11710846330971,34.02907515876,1,70,1,90,1,90,30,6,50,50,50,9,10,11,75,80,92,90,1,90,99,87,4
"86",2.88009507373608,1.69644710798655,9.50842227390967,18.846053162124,37.0934611663688,24.1621326748282,57.6644501183182,39.7151959419716,87.890601803083,8.35871873423457,4.07589105644729,2.00505002227146,7.18747717281803,9.37543384358287,13.8065279780421,37.6879378664307,1,70,1,90,1,90,30,6,50,50,50,9,10,11,75,80,92,90,1,90,99,87,4
"87",3.06960254943316,2.29754571740178,27.9561374401674,14.7599581070244,10.1037363300566,24.1987022478133,54.195024613291,24.8854880442377,77.9493452701718,21.7656934307888,2.34334994235542,18.2496068323962,3.96158788132016,3.54475065134466,15.1362818127964,31.3307512854226,1,70,1,90,1,90,30,6,50,50,50,9,10,11,75,80,92,90,1,90,99,87,4
"88",3.18709417042883,2.75488857644771,5.46120190783404,11.8821047910023,39.8890957143158,38.4940203092992,50.3915438335389,33.1017949839588,29.548595782835,16.5883464086801,6.63921139738522,19.1162897648755,7.94936944916844,4.90405247546732,12.2290064976551,36.8291959259659,1,70,1,90,1,90,30,6,50,50,50,9,10,11,75,80,92,90,1,90,99,87,4
"89",2.91842634509868,2.15136999807002,8.74691343610175,13.998594180448,45.1965038455091,33.2591910474002,50.7023349869996,19.5521643292159,81.1110716708936,20.5310819856822,9.9290422211634,5.48462013690732,13.5630550687201,6.33880674466491,7.94519867841154,16.0029707523063,1,70,1,90,1,90,30,6,50,50,50,9,10,11,75,80,92,90,1,90,99,87,4
"90",3.11699771666733,2.86980873262467,19.0843482804485,13.0932623008266,6.09065493685193,37.8964555915445,66.4172387588769,23.8036883459426,61.2645830400288,23.8578747212887,9.39859704475384,15.3451995857758,16.5463359801797,6.5658400375396,19.5985405561514,30.0979785318486,1,70,1,90,1,90,30,6,50,50,50,9,10,11,75,80,92,90,1,90,99,87,4
"91",3.17329008410006,2.75923521335903,4.93756853253581,10.9130862960592,32.2979907225817,28.6032154131681,56.9207508210093,11.2993337807711,31.5014406270348,11.2886567646638,6.62817725911736,13.0398864931194,17.5051983891753,6.02196248248219,14.9364598700777,37.9503323952667,1,70,1,90,1,90,30,6,50,50,50,9,10,11,75,80,92,90,1,90,99,87,4
"92",3.56267606799965,2.3833034332445,17.9172660270706,19.2981638933998,24.9659791041631,34.0998119581491,71.9730759784579,44.5675823872443,83.1295718159527,10.3778371261433,9.45568068569992,8.02317733864766,4.17609472223558,2.30657048709691,12.9405827005394,31.0905252839439,1,70,1,90,1,90,30,6,50,50,50,9,10,11,75,80,92,90,1,90,99,87,4
"93",3.0350691022998,2.42684221126607,6.49003270827234,13.1583652086556,54.6892066858709,42.549056969583,69.2289708554745,23.5808357107453,12.9775376524776,12.096393587999,0.663255931809545,17.4948225849075,17.566812665551,3.38981709629297,16.9417621446773,15.3812992502935,1,70,1,90,1,90,30,6,50,50,50,9,10,11,75,80,92,90,1,90,99,87,4
"94",3.47628783941947,2.61662945559538,9.45182476774789,13.9281649328768,39.2360609385651,36.49034967646,66.1570099089295,18.1426930590533,39.7739835991524,18.4139076340944,2.07446949451696,9.03171181527432,19.8512180077378,2.48535155504942,14.0334574063309,42.7656271099113,1,70,1,90,1,90,30,6,50,50,50,9,10,11,75,80,92,90,1,90,99,87,4
"95",3.30242651327208,2.75552285881365,10.2471603341401,16.3314520718995,56.4211855607573,30.3194131329656,89.0427697729319,40.8467952616047,38.8548293779604,9.39499358646572,7.72431920852978,16.1305672713788,9.5279826533515,4.89145500026643,13.0604741021525,35.2413897612132,1,70,1,90,1,90,30,6,50,50,50,9,10,11,75,80,92,90,1,90,99,87,4
"96",3.06164315799338,2.76926941364686,17.420141736744,11.8270304985344,18.1049158133101,41.4038630202413,50.6508727651089,32.0750119292643,12.1840972686186,19.6340677794069,9.20820414635818,12.3022800149629,19.1879618818639,5.7749868799001,9.27824872080237,29.854935107287,1,70,1,90,1,90,30,6,50,50,50,9,10,11,75,80,92,90,1,90,99,87,4
"97",3.19866184441033,2.21557082863722,23.2131864763796,18.3699258673005,38.524921889184,28.1352062616497,53.2050952035934,48.4594243229367,80.3789444686845,20.8093675039709,3.16206301341299,12.0002906590234,10.0548786312575,2.15125831775367,13.3513915340882,23.6006411025301,1,70,1,90,1,90,30,6,50,50,50,9,10,11,75,80,92,90,1,90,99,87,4
"98",3.06093963427662,2.71879801113348,28.3569865678437,10.7323344971519,50.6261863466352,34.4763813633472,62.5497163832188,10.1995409757365,52.1604802133515,20.7301267795265,6.62633770226967,19.6390545262257,12.0046759223333,2.81482587940991,14.5806301531848,23.0783329904079,1,70,1,90,1,90,30,6,50,50,50,9,10,11,75,80,92,90,1,90,99,87,4
"99",3.12613066900717,2.64934742208043,1.0159055441618,12.4073869001586,21.4922006358393,38.3994578011334,53.0577049963176,18.7372159922961,49.2107974598184,23.0025568092242,2.98341488966253,15.266465132474,15.6030483692884,9.16804321855307,11.8719573593698,42.2763643646613,1,70,1,90,1,90,30,6,50,50,50,9,10,11,75,80,92,90,1,90,99,87,4
"100",3.34079832641615,2.54857077081902,12.9510265632998,15.9442629478872,10.8622396399733,39.5237707532942,74.7935133054852,36.4644574804697,38.5175988427363,13.2612869469449,8.12815724604297,14.3990928118583,9.59633461013436,3.56254479661584,19.8569282202516,17.5148717500269,1,70,1,90,1,90,30,6,50,50,50,9,10,11,75,80,92,90,1,90,99,87,4
"101",3.12191256397803,2.76905596919599,24.854453899432,11.9699311431032,35.3238459466957,33.8799752201885,64.5997629966587,28.3380200911779,30.7286510313861,10.4615350812674,9.22330343525391,18.4971709878882,11.801280674641,7.12725941650569,10.1502966806293,18.6191002512351,1,70,1,90,1,90,30,6,50,50,50,9,10,11,75,80,92,90,1,90,99,87,4
"102",1.4847987727674,0.70724049143896,10,20,30,25,70,30,0,15,1,1,1,5,15,30,1,70,1,90,1,90,30,6,50,50,50,9,10,11,75,80,92,90,1,90,99,87,4
